series_id,window_idx,window_start,window_end,timestamp_start,timestamp_end,attention_fingerprint,n_row_labels,n_token_labels,target_query_label,top_source_label,top_source_attention,time_attn_shape,group_attn_shape
load_26,0,0,24,2013-01-02 00:00:00,2013-01-02 23:00:00,0d1142d306defe02,71,14,target,target,0.027768421918153763,"(12, 71, 12, 14, 14)","(12, 14, 12, 71, 71)"
load_26,1,24,48,2013-01-03 00:00:00,2013-01-03 23:00:00,b850eb5000d14ed0,71,14,target,target,0.027663471177220345,"(12, 71, 12, 14, 14)","(12, 14, 12, 71, 71)"
load_26,2,48,72,2013-01-04 00:00:00,2013-01-04 23:00:00,60e9e47fef9f863b,71,14,target,target,0.02626151405274868,"(12, 71, 12, 14, 14)","(12, 14, 12, 71, 71)"
load_26,3,72,96,2013-01-07 00:00:00,2013-01-07 23:00:00,c0329482a35112ad,71,14,target,target,0.028450272977352142,"(12, 71, 12, 14, 14)","(12, 14, 12, 71, 71)"
load_26,4,96,120,2013-01-08 00:00:00,2013-01-08 23:00:00,a6975b471a15d4e7,71,14,target,target,0.02778363972902298,"(12, 71, 12, 14, 14)","(12, 14, 12, 71, 71)"
load_26,5,120,144,2013-01-09 00:00:00,2013-01-09 23:00:00,de7d94f5c4013402,71,14,target,target,0.02802932821214199,"(12, 71, 12, 14, 14)","(12, 14, 12, 71, 71)"
load_26,6,144,168,2013-01-10 00:00:00,2013-01-10 23:00:00,ea8c4497b420d092,71,14,target,target,0.025639647617936134,"(12, 71, 12, 14, 14)","(12, 14, 12, 71, 71)"
load_26,7,168,192,2013-01-11 00:00:00,2013-01-11 23:00:00,454353afc09ca6fb,71,14,target,target,0.02686285227537155,"(12, 71, 12, 14, 14)","(12, 14, 12, 71, 71)"
load_26,8,192,216,2013-01-14 00:00:00,2013-01-14 23:00:00,d631aa32e540b716,71,14,target,target,0.02686472423374653,"(12, 71, 12, 14, 14)","(12, 14, 12, 71, 71)"
load_26,9,216,240,2013-01-15 00:00:00,2013-01-15 23:00:00,d813b552fc973e28,71,14,target,target,0.027255691587924957,"(12, 71, 12, 14, 14)","(12, 14, 12, 71, 71)"
load_26,10,240,264,2013-01-16 00:00:00,2013-01-16 23:00:00,7db80f0e8722fd5c,71,14,target,target,0.02625373564660549,"(12, 71, 12, 14, 14)","(12, 14, 12, 71, 71)"
load_26,11,264,288,2013-01-17 00:00:00,2013-01-17 23:00:00,db9eec5381a1fbdb,71,14,target,target,0.026485148817300797,"(12, 71, 12, 14, 14)","(12, 14, 12, 71, 71)"
load_26,12,288,312,2013-01-18 00:00:00,2013-01-18 23:00:00,c2f71586a6161e59,71,14,target,target,0.025336138904094696,"(12, 71, 12, 14, 14)","(12, 14, 12, 71, 71)"
load_26,13,312,336,2013-01-21 00:00:00,2013-01-21 23:00:00,0068c5ee63ee67d0,71,14,target,target,0.026322996243834496,"(12, 71, 12, 14, 14)","(12, 14, 12, 71, 71)"
load_26,14,336,360,2013-01-22 00:00:00,2013-01-22 23:00:00,14d6948cf8c2b42a,71,14,target,target,0.026366252452135086,"(12, 71, 12, 14, 14)","(12, 14, 12, 71, 71)"
load_26,15,360,384,2013-01-23 00:00:00,2013-01-23 23:00:00,0e2bd8d157adf634,71,14,target,target,0.027133898809552193,"(12, 71, 12, 14, 14)","(12, 14, 12, 71, 71)"
load_26,16,384,408,2013-01-24 00:00:00,2013-01-24 23:00:00,a9b09f68eb8c3ef1,71,14,target,target,0.027301408350467682,"(12, 71, 12, 14, 14)","(12, 14, 12, 71, 71)"
load_26,17,408,432,2013-01-25 00:00:00,2013-01-25 23:00:00,e96ddd06187fc8dd,71,14,target,target,0.027738142758607864,"(12, 71, 12, 14, 14)","(12, 14, 12, 71, 71)"
load_26,18,432,456,2013-01-28 00:00:00,2013-01-28 23:00:00,0fbe85bca7a618ef,71,14,target,target,0.027933668345212936,"(12, 71, 12, 14, 14)","(12, 14, 12, 71, 71)"
load_26,19,456,480,2013-01-29 00:00:00,2013-01-29 23:00:00,46e14b4a054b3002,71,14,target,target,0.02952517755329609,"(12, 71, 12, 14, 14)","(12, 14, 12, 71, 71)"
load_26,20,480,504,2013-01-30 00:00:00,2013-01-30 23:00:00,0a6f25fbc08d27d1,71,14,target,target,0.029946837574243546,"(12, 71, 12, 14, 14)","(12, 14, 12, 71, 71)"
load_26,21,504,528,2013-01-31 00:00:00,2013-01-31 23:00:00,bdb0bcb94f1cb07d,71,14,target,target,0.028902089223265648,"(12, 71, 12, 14, 14)","(12, 14, 12, 71, 71)"
load_26,22,528,552,2013-02-01 00:00:00,2013-02-01 23:00:00,fef34b5a567918cc,71,14,target,target,0.029771599918603897,"(12, 71, 12, 14, 14)","(12, 14, 12, 71, 71)"
load_26,23,552,576,2013-02-04 00:00:00,2013-02-04 23:00:00,536669b190fb0382,71,14,target,target,0.02836758829653263,"(12, 71, 12, 14, 14)","(12, 14, 12, 71, 71)"
load_26,24,576,600,2013-02-05 00:00:00,2013-02-05 23:00:00,9750f033075b6a09,71,14,target,target,0.03056861273944378,"(12, 71, 12, 14, 14)","(12, 14, 12, 71, 71)"
load_26,25,600,624,2013-02-06 00:00:00,2013-02-06 23:00:00,dfe15aca0dcd223d,71,14,target,target,0.029718324542045593,"(12, 71, 12, 14, 14)","(12, 14, 12, 71, 71)"
load_26,26,624,648,2013-02-07 00:00:00,2013-02-07 23:00:00,fcae72f4361b0d81,71,14,target,target,0.029564926400780678,"(12, 71, 12, 14, 14)","(12, 14, 12, 71, 71)"
load_26,27,648,672,2013-02-08 00:00:00,2013-02-08 23:00:00,9600c859d9da3146,71,14,target,target,0.027988916262984276,"(12, 71, 12, 14, 14)","(12, 14, 12, 71, 71)"
load_26,28,672,696,2013-02-12 00:00:00,2013-02-12 23:00:00,cf706dda8e554da0,71,14,target,target,0.02936859056353569,"(12, 71, 12, 14, 14)","(12, 14, 12, 71, 71)"
load_26,29,696,720,2013-02-13 00:00:00,2013-02-13 23:00:00,894da654c5eae8bc,71,14,target,target,0.028825830668210983,"(12, 71, 12, 14, 14)","(12, 14, 12, 71, 71)"
load_26,30,720,744,2013-02-14 00:00:00,2013-02-14 23:00:00,67b46420362b150d,71,14,target,target,0.028096232563257217,"(12, 71, 12, 14, 14)","(12, 14, 12, 71, 71)"
load_26,31,744,768,2013-02-15 00:00:00,2013-02-15 23:00:00,d3fa12f5c4f13a39,71,14,target,known_future:temp,0.02778497338294983,"(12, 71, 12, 14, 14)","(12, 14, 12, 71, 71)"
load_26,32,768,792,2013-02-18 00:00:00,2013-02-18 23:00:00,53c30a40673bd450,71,14,target,target,0.02748158946633339,"(12, 71, 12, 14, 14)","(12, 14, 12, 71, 71)"
load_26,33,792,816,2013-02-19 00:00:00,2013-02-19 23:00:00,7664b65ef5e1e626,71,14,target,target,0.027685802429914474,"(12, 71, 12, 14, 14)","(12, 14, 12, 71, 71)"
load_26,34,816,840,2013-02-20 00:00:00,2013-02-20 23:00:00,24f14d2a44c732e6,71,14,target,target,0.029789835214614868,"(12, 71, 12, 14, 14)","(12, 14, 12, 71, 71)"
load_26,35,840,864,2013-02-21 00:00:00,2013-02-21 23:00:00,3602e215ad56ceeb,71,14,target,target,0.02796667255461216,"(12, 71, 12, 14, 14)","(12, 14, 12, 71, 71)"
load_26,36,864,888,2013-02-22 00:00:00,2013-02-22 23:00:00,cd737f0085a694c1,71,14,target,target,0.027678217738866806,"(12, 71, 12, 14, 14)","(12, 14, 12, 71, 71)"
load_26,37,888,912,2013-02-25 00:00:00,2013-02-25 23:00:00,d31291b8398c83bd,71,14,target,target,0.02641857974231243,"(12, 71, 12, 14, 14)","(12, 14, 12, 71, 71)"
load_26,38,912,936,2013-02-26 00:00:00,2013-02-26 23:00:00,b9cf945bc5c33cea,71,14,target,target,0.027812335640192032,"(12, 71, 12, 14, 14)","(12, 14, 12, 71, 71)"
load_26,39,936,960,2013-02-27 00:00:00,2013-02-27 23:00:00,c1cc4c8770b4624a,71,14,target,target,0.028935138136148453,"(12, 71, 12, 14, 14)","(12, 14, 12, 71, 71)"
load_26,40,960,984,2013-02-28 00:00:00,2013-02-28 23:00:00,c518c0da2315ef71,71,14,target,target,0.02708401530981064,"(12, 71, 12, 14, 14)","(12, 14, 12, 71, 71)"
load_26,41,984,1008,2013-03-04 00:00:00,2013-03-04 23:00:00,4404e76ad3e9e398,71,14,target,target,0.028347795829176903,"(12, 71, 12, 14, 14)","(12, 14, 12, 71, 71)"
load_26,42,1008,1032,2013-03-05 00:00:00,2013-03-05 23:00:00,d6c63fe214e8c32d,71,14,target,target,0.026303784921765327,"(12, 71, 12, 14, 14)","(12, 14, 12, 71, 71)"
load_26,43,1032,1056,2013-03-06 00:00:00,2013-03-06 23:00:00,31bca0cce4056c29,71,14,target,target,0.026934988796710968,"(12, 71, 12, 14, 14)","(12, 14, 12, 71, 71)"
load_26,44,1056,1080,2013-03-07 00:00:00,2013-03-07 23:00:00,8a4cd3f0265893e3,71,14,target,target,0.02806163765490055,"(12, 71, 12, 14, 14)","(12, 14, 12, 71, 71)"
load_26,45,1080,1104,2013-03-12 00:00:00,2013-03-12 23:00:00,3e204dbeff44ba7a,71,14,target,target,0.027634337544441223,"(12, 71, 12, 14, 14)","(12, 14, 12, 71, 71)"
load_26,46,1104,1128,2013-03-13 00:00:00,2013-03-13 23:00:00,db145096dbba9734,71,14,target,target,0.02752196043729782,"(12, 71, 12, 14, 14)","(12, 14, 12, 71, 71)"
load_26,47,1128,1152,2013-03-14 00:00:00,2013-03-14 23:00:00,0b812e4a13e019be,71,14,target,target,0.026352427899837494,"(12, 71, 12, 14, 14)","(12, 14, 12, 71, 71)"
load_26,48,1152,1176,2013-03-15 00:00:00,2013-03-15 23:00:00,0c96e0a3c88ed728,71,14,target,target,0.02583874948322773,"(12, 71, 12, 14, 14)","(12, 14, 12, 71, 71)"
load_26,49,1176,1200,2013-03-18 00:00:00,2013-03-18 23:00:00,cf4c5da89fd08c9f,71,14,target,known_future:apparent_temp,0.026001764461398125,"(12, 71, 12, 14, 14)","(12, 14, 12, 71, 71)"
load_26,50,1200,1224,2013-03-19 00:00:00,2013-03-19 23:00:00,49f6344ef103d726,71,14,target,target,0.02657904289662838,"(12, 71, 12, 14, 14)","(12, 14, 12, 71, 71)"
load_26,51,1224,1248,2013-03-20 00:00:00,2013-03-20 23:00:00,faec5aff936cb704,71,14,target,known_future:temp,0.02850346826016903,"(12, 71, 12, 14, 14)","(12, 14, 12, 71, 71)"
load_26,52,1248,1272,2013-03-21 00:00:00,2013-03-21 23:00:00,47ff5e1a5eba0d38,71,14,target,target,0.027360334992408752,"(12, 71, 12, 14, 14)","(12, 14, 12, 71, 71)"
load_26,53,1272,1296,2013-03-22 00:00:00,2013-03-22 23:00:00,76b74879c6a64971,71,14,target,target,0.027627309784293175,"(12, 71, 12, 14, 14)","(12, 14, 12, 71, 71)"
load_26,54,1296,1320,2013-03-25 00:00:00,2013-03-25 23:00:00,e36b60e26ae08e66,71,14,target,target,0.028199637308716774,"(12, 71, 12, 14, 14)","(12, 14, 12, 71, 71)"
load_26,55,1320,1344,2013-03-26 00:00:00,2013-03-26 23:00:00,bd82762af2e0a60b,71,14,target,target,0.02917897142469883,"(12, 71, 12, 14, 14)","(12, 14, 12, 71, 71)"
load_26,56,1344,1368,2013-03-27 00:00:00,2013-03-27 23:00:00,cfad4f79f865e660,71,14,target,target,0.028825554996728897,"(12, 71, 12, 14, 14)","(12, 14, 12, 71, 71)"
load_26,57,1368,1392,2013-03-28 00:00:00,2013-03-28 23:00:00,1fe4b01da96b5961,71,14,target,target,0.02816801704466343,"(12, 71, 12, 14, 14)","(12, 14, 12, 71, 71)"
load_26,58,1392,1416,2013-03-29 00:00:00,2013-03-29 23:00:00,184baa1c75c4265d,71,14,target,target,0.027407290413975716,"(12, 71, 12, 14, 14)","(12, 14, 12, 71, 71)"
load_26,59,1416,1440,2013-04-01 00:00:00,2013-04-01 23:00:00,bdd40d26cdf47b3c,71,14,target,target,0.026950031518936157,"(12, 71, 12, 14, 14)","(12, 14, 12, 71, 71)"
load_26,60,1440,1464,2013-04-02 00:00:00,2013-04-02 23:00:00,2ec8f7827a253721,71,14,target,target,0.027808140963315964,"(12, 71, 12, 14, 14)","(12, 14, 12, 71, 71)"
load_26,61,1464,1488,2013-04-03 00:00:00,2013-04-03 23:00:00,06f17b7e75566e2e,71,14,target,target,0.0285788606852293,"(12, 71, 12, 14, 14)","(12, 14, 12, 71, 71)"
load_26,62,1488,1512,2013-04-04 00:00:00,2013-04-04 23:00:00,660918506a07f7d2,71,14,target,target,0.028304606676101685,"(12, 71, 12, 14, 14)","(12, 14, 12, 71, 71)"
load_26,63,1512,1536,2013-04-05 00:00:00,2013-04-05 23:00:00,db7f3748143c1e01,71,14,target,target,0.02963654138147831,"(12, 71, 12, 14, 14)","(12, 14, 12, 71, 71)"
load_26,64,1536,1560,2013-04-08 00:00:00,2013-04-08 23:00:00,c16f885e6dba06be,71,14,target,target,0.027880694717168808,"(12, 71, 12, 14, 14)","(12, 14, 12, 71, 71)"
load_26,65,1560,1584,2013-04-09 00:00:00,2013-04-09 23:00:00,5471dca7bf305281,71,14,target,target,0.027196697890758514,"(12, 71, 12, 14, 14)","(12, 14, 12, 71, 71)"
load_26,66,1584,1608,2013-04-10 00:00:00,2013-04-10 23:00:00,ba7edeb04f1255fc,71,14,target,target,0.028087256476283073,"(12, 71, 12, 14, 14)","(12, 14, 12, 71, 71)"
load_26,67,1608,1632,2013-04-11 00:00:00,2013-04-11 23:00:00,8ea994ff904a7124,71,14,target,target,0.027092328295111656,"(12, 71, 12, 14, 14)","(12, 14, 12, 71, 71)"
load_26,68,1632,1656,2013-04-12 00:00:00,2013-04-12 23:00:00,7b41f58434b51241,71,14,target,target,0.026694899424910545,"(12, 71, 12, 14, 14)","(12, 14, 12, 71, 71)"
load_26,69,1656,1680,2013-04-15 00:00:00,2013-04-15 23:00:00,2de62f823a78dc3d,71,14,target,target,0.02576695941388607,"(12, 71, 12, 14, 14)","(12, 14, 12, 71, 71)"
load_26,70,1680,1704,2013-04-16 00:00:00,2013-04-16 23:00:00,9649b18dc84c8408,71,14,target,target,0.028344450518488884,"(12, 71, 12, 14, 14)","(12, 14, 12, 71, 71)"
load_26,71,1704,1728,2013-04-17 00:00:00,2013-04-17 23:00:00,3e736668b3237a97,71,14,target,target,0.02766268141567707,"(12, 71, 12, 14, 14)","(12, 14, 12, 71, 71)"
load_26,72,1728,1752,2013-04-18 00:00:00,2013-04-18 23:00:00,3ff10f605f210a65,71,14,target,target,0.02863651141524315,"(12, 71, 12, 14, 14)","(12, 14, 12, 71, 71)"
load_26,73,1752,1776,2013-04-19 00:00:00,2013-04-19 23:00:00,ecf6d0c474c6f297,71,14,target,target,0.02665417641401291,"(12, 71, 12, 14, 14)","(12, 14, 12, 71, 71)"
load_26,74,1776,1800,2013-04-22 00:00:00,2013-04-22 23:00:00,4c3c267acca68b2e,71,14,target,target,0.026825526729226112,"(12, 71, 12, 14, 14)","(12, 14, 12, 71, 71)"
load_26,75,1800,1824,2013-04-23 00:00:00,2013-04-23 23:00:00,dd245345ec7b8c18,71,14,target,target,0.02751149982213974,"(12, 71, 12, 14, 14)","(12, 14, 12, 71, 71)"
load_26,76,1824,1848,2013-04-24 00:00:00,2013-04-24 23:00:00,6093cdeeab1826f6,71,14,target,target,0.027167577296495438,"(12, 71, 12, 14, 14)","(12, 14, 12, 71, 71)"
load_26,77,1848,1872,2013-04-25 00:00:00,2013-04-25 23:00:00,12cabe0e0062dfaa,71,14,target,target,0.027603132650256157,"(12, 71, 12, 14, 14)","(12, 14, 12, 71, 71)"
load_26,78,1872,1896,2013-04-26 00:00:00,2013-04-26 23:00:00,03306a2ee340a5e2,71,14,target,target,0.026955168694257736,"(12, 71, 12, 14, 14)","(12, 14, 12, 71, 71)"
load_26,79,1896,1920,2013-04-29 00:00:00,2013-04-29 23:00:00,37cb675774489403,71,14,target,target,0.028471073135733604,"(12, 71, 12, 14, 14)","(12, 14, 12, 71, 71)"
load_26,80,1920,1944,2013-04-30 00:00:00,2013-04-30 23:00:00,8190d4503c25fe9b,71,14,target,known_future:apparent_temp,0.028428586199879646,"(12, 71, 12, 14, 14)","(12, 14, 12, 71, 71)"
load_26,81,1944,1968,2013-05-01 00:00:00,2013-05-01 23:00:00,2af95b0e64c99446,71,14,target,target,0.029580188915133476,"(12, 71, 12, 14, 14)","(12, 14, 12, 71, 71)"
load_26,82,1968,1992,2013-05-02 00:00:00,2013-05-02 23:00:00,8af1fe9ce0e1e830,71,14,target,target,0.030531292781233788,"(12, 71, 12, 14, 14)","(12, 14, 12, 71, 71)"
load_26,83,1992,2016,2013-05-03 00:00:00,2013-05-03 23:00:00,ab61197fc927e186,71,14,target,target,0.02760380133986473,"(12, 71, 12, 14, 14)","(12, 14, 12, 71, 71)"
load_26,84,2016,2040,2013-05-06 00:00:00,2013-05-06 23:00:00,6ae9facc27476a5c,71,14,target,target,0.027306746691465378,"(12, 71, 12, 14, 14)","(12, 14, 12, 71, 71)"
load_26,85,2040,2064,2013-05-07 00:00:00,2013-05-07 23:00:00,dd2141ca3efa9fbe,71,14,target,target,0.02850564382970333,"(12, 71, 12, 14, 14)","(12, 14, 12, 71, 71)"
load_26,86,2064,2088,2013-05-08 00:00:00,2013-05-08 23:00:00,7ca61ca1a023f802,71,14,target,target,0.02721565216779709,"(12, 71, 12, 14, 14)","(12, 14, 12, 71, 71)"
load_26,87,2088,2112,2013-05-09 00:00:00,2013-05-09 23:00:00,d826cb08c311eefe,71,14,target,target,0.026059133931994438,"(12, 71, 12, 14, 14)","(12, 14, 12, 71, 71)"
load_26,88,2112,2136,2013-05-10 00:00:00,2013-05-10 23:00:00,b15527681e2b5349,71,14,target,target,0.027743827551603317,"(12, 71, 12, 14, 14)","(12, 14, 12, 71, 71)"
load_26,89,2136,2160,2013-05-13 00:00:00,2013-05-13 23:00:00,935f8f1d6a50e66b,71,14,target,target,0.026417694985866547,"(12, 71, 12, 14, 14)","(12, 14, 12, 71, 71)"
load_26,90,2160,2184,2013-05-14 00:00:00,2013-05-14 23:00:00,381573b68fae740a,71,14,target,target,0.027789702638983727,"(12, 71, 12, 14, 14)","(12, 14, 12, 71, 71)"
load_26,91,2184,2208,2013-05-15 00:00:00,2013-05-15 23:00:00,a85fe237eb2d9d84,71,14,target,target,0.028065277263522148,"(12, 71, 12, 14, 14)","(12, 14, 12, 71, 71)"
load_26,92,2208,2232,2013-05-16 00:00:00,2013-05-16 23:00:00,0c3da4daea22d2f6,71,14,target,target,0.02682308480143547,"(12, 71, 12, 14, 14)","(12, 14, 12, 71, 71)"
load_26,93,2232,2256,2013-05-20 00:00:00,2013-05-20 23:00:00,73fa0e32a4f53b95,71,14,target,target,0.027930382639169693,"(12, 71, 12, 14, 14)","(12, 14, 12, 71, 71)"
load_26,94,2256,2280,2013-05-21 00:00:00,2013-05-21 23:00:00,23cb6cb3c0821b1f,71,14,target,target,0.02640126645565033,"(12, 71, 12, 14, 14)","(12, 14, 12, 71, 71)"
load_26,95,2280,2304,2013-05-22 00:00:00,2013-05-22 23:00:00,64966bc924f12471,71,14,target,target,0.027118263766169548,"(12, 71, 12, 14, 14)","(12, 14, 12, 71, 71)"
load_26,96,2304,2328,2013-05-23 00:00:00,2013-05-23 23:00:00,1b0be0630c9b4a88,71,14,target,target,0.02742195315659046,"(12, 71, 12, 14, 14)","(12, 14, 12, 71, 71)"
load_26,97,2328,2352,2013-05-24 00:00:00,2013-05-24 23:00:00,cd6b9568ddfa031f,71,14,target,target,0.027420129626989365,"(12, 71, 12, 14, 14)","(12, 14, 12, 71, 71)"
load_26,98,2352,2376,2013-05-27 00:00:00,2013-05-27 23:00:00,ecbe2a4830700562,71,14,target,target,0.027511995285749435,"(12, 71, 12, 14, 14)","(12, 14, 12, 71, 71)"
load_26,99,2376,2400,2013-05-28 00:00:00,2013-05-28 23:00:00,930c5828cdb37688,71,14,target,target,0.029320145025849342,"(12, 71, 12, 14, 14)","(12, 14, 12, 71, 71)"
load_26,100,2400,2424,2013-05-29 00:00:00,2013-05-29 23:00:00,51e0376bc42b7b97,71,14,target,target,0.030227378010749817,"(12, 71, 12, 14, 14)","(12, 14, 12, 71, 71)"
load_26,101,2424,2448,2013-05-30 00:00:00,2013-05-30 23:00:00,2d3fb0fb65332c7f,71,14,target,target,0.02818724326789379,"(12, 71, 12, 14, 14)","(12, 14, 12, 71, 71)"
load_26,102,2448,2472,2013-05-31 00:00:00,2013-05-31 23:00:00,f472986f5b987d57,71,14,target,target,0.027340559288859367,"(12, 71, 12, 14, 14)","(12, 14, 12, 71, 71)"
load_26,103,2472,2496,2013-06-03 00:00:00,2013-06-03 23:00:00,f15a3744ebf3e2e0,71,14,target,target,0.0263624619692564,"(12, 71, 12, 14, 14)","(12, 14, 12, 71, 71)"
load_26,104,2496,2520,2013-06-04 00:00:00,2013-06-04 23:00:00,eeea2a34ad0efdc7,71,14,target,target,0.027487581595778465,"(12, 71, 12, 14, 14)","(12, 14, 12, 71, 71)"
load_26,105,2520,2544,2013-06-05 00:00:00,2013-06-05 23:00:00,8541d12e37275687,71,14,target,target,0.028930118307471275,"(12, 71, 12, 14, 14)","(12, 14, 12, 71, 71)"
load_26,106,2544,2568,2013-06-07 00:00:00,2013-06-07 23:00:00,4e6bf7d1f5691899,71,14,target,target,0.027858765795826912,"(12, 71, 12, 14, 14)","(12, 14, 12, 71, 71)"
load_26,107,2568,2592,2013-06-10 00:00:00,2013-06-10 23:00:00,f5cf976a4c303328,71,14,target,target,0.02699895203113556,"(12, 71, 12, 14, 14)","(12, 14, 12, 71, 71)"
load_26,108,2592,2616,2013-06-11 00:00:00,2013-06-11 23:00:00,b59f15eba9cd8945,71,14,target,known_future:rhum,0.027437712997198105,"(12, 71, 12, 14, 14)","(12, 14, 12, 71, 71)"
load_26,109,2616,2640,2013-06-12 00:00:00,2013-06-12 23:00:00,773ba289152eaada,71,14,target,target,0.026767540723085403,"(12, 71, 12, 14, 14)","(12, 14, 12, 71, 71)"
load_26,110,2640,2664,2013-06-13 00:00:00,2013-06-13 23:00:00,ddd9d1ec96e88cdf,71,14,target,target,0.025693602859973907,"(12, 71, 12, 14, 14)","(12, 14, 12, 71, 71)"
load_26,111,2664,2688,2013-06-14 00:00:00,2013-06-14 23:00:00,19b0b0b782397449,71,14,target,target,0.026246264576911926,"(12, 71, 12, 14, 14)","(12, 14, 12, 71, 71)"
load_26,112,2688,2712,2013-06-17 00:00:00,2013-06-17 23:00:00,d2bf735cfacc93af,71,14,target,known_future:rhum,0.02696504257619381,"(12, 71, 12, 14, 14)","(12, 14, 12, 71, 71)"
load_26,113,2712,2736,2013-06-18 00:00:00,2013-06-18 23:00:00,a483452d800504f4,71,14,target,target,0.026761172339320183,"(12, 71, 12, 14, 14)","(12, 14, 12, 71, 71)"
load_26,114,2736,2760,2013-06-19 00:00:00,2013-06-19 23:00:00,f578464bda763708,71,14,target,target,0.027226509526371956,"(12, 71, 12, 14, 14)","(12, 14, 12, 71, 71)"
load_26,115,2760,2784,2013-06-20 00:00:00,2013-06-20 23:00:00,eca26028ead4fa9a,71,14,target,target,0.027460766956210136,"(12, 71, 12, 14, 14)","(12, 14, 12, 71, 71)"
load_26,116,2784,2808,2013-06-21 00:00:00,2013-06-21 23:00:00,5226d9bd249f8a75,71,14,target,target,0.027723168954253197,"(12, 71, 12, 14, 14)","(12, 14, 12, 71, 71)"
load_26,117,2808,2832,2013-06-24 00:00:00,2013-06-24 23:00:00,278bc00e919ab137,71,14,target,target,0.025441652163863182,"(12, 71, 12, 14, 14)","(12, 14, 12, 71, 71)"
load_26,118,2832,2856,2013-06-25 00:00:00,2013-06-25 23:00:00,9f26a6d6c405cd5a,71,14,target,target,0.026202216744422913,"(12, 71, 12, 14, 14)","(12, 14, 12, 71, 71)"
load_26,119,2856,2880,2013-06-26 00:00:00,2013-06-26 23:00:00,0fab8e0f65c643b3,71,14,target,target,0.02737191505730152,"(12, 71, 12, 14, 14)","(12, 14, 12, 71, 71)"
load_26,120,2880,2904,2013-06-27 00:00:00,2013-06-27 23:00:00,0fe267944d1d649e,71,14,target,known_future:temp,0.025742387399077415,"(12, 71, 12, 14, 14)","(12, 14, 12, 71, 71)"
load_26,121,2904,2928,2013-06-28 00:00:00,2013-06-28 23:00:00,a76adb1ac1d96396,71,14,target,known_future:temp,0.027189180254936218,"(12, 71, 12, 14, 14)","(12, 14, 12, 71, 71)"
load_26,122,2928,2952,2013-07-01 00:00:00,2013-07-01 23:00:00,060763e403d20656,71,14,target,known_future:temp,0.025963129475712776,"(12, 71, 12, 14, 14)","(12, 14, 12, 71, 71)"
load_26,123,2952,2976,2013-07-02 00:00:00,2013-07-02 23:00:00,5e2cd1f5c2c9ef6a,71,14,target,target,0.027228951454162598,"(12, 71, 12, 14, 14)","(12, 14, 12, 71, 71)"
load_26,124,2976,3000,2013-07-03 00:00:00,2013-07-03 23:00:00,9a823eea9470b321,71,14,target,target,0.027904704213142395,"(12, 71, 12, 14, 14)","(12, 14, 12, 71, 71)"
load_26,125,3000,3024,2013-07-04 00:00:00,2013-07-04 23:00:00,ecb0dd0462c315fd,71,14,target,target,0.02704104594886303,"(12, 71, 12, 14, 14)","(12, 14, 12, 71, 71)"
load_26,126,3024,3048,2013-07-05 00:00:00,2013-07-05 23:00:00,1c11c79de71ecad2,71,14,target,target,0.027507459744811058,"(12, 71, 12, 14, 14)","(12, 14, 12, 71, 71)"
load_26,127,3048,3072,2013-07-08 00:00:00,2013-07-08 23:00:00,c2698f3d1d293afd,71,14,target,target,0.02779533341526985,"(12, 71, 12, 14, 14)","(12, 14, 12, 71, 71)"
load_26,128,3072,3096,2013-07-09 00:00:00,2013-07-09 23:00:00,983dc2d1931c3c43,71,14,target,target,0.028867293149232864,"(12, 71, 12, 14, 14)","(12, 14, 12, 71, 71)"
load_26,129,3096,3120,2013-07-10 00:00:00,2013-07-10 23:00:00,15e47e1df0d96a4f,71,14,target,target,0.02961692400276661,"(12, 71, 12, 14, 14)","(12, 14, 12, 71, 71)"
load_26,130,3120,3144,2013-07-11 00:00:00,2013-07-11 23:00:00,236e9e8557097747,71,14,target,target,0.02873961441218853,"(12, 71, 12, 14, 14)","(12, 14, 12, 71, 71)"
load_26,131,3144,3168,2013-07-12 00:00:00,2013-07-12 23:00:00,5bf56170ef49fe74,71,14,target,target,0.03038351610302925,"(12, 71, 12, 14, 14)","(12, 14, 12, 71, 71)"
load_26,132,3168,3192,2013-07-15 00:00:00,2013-07-15 23:00:00,954df049df257dc4,71,14,target,target,0.029865792021155357,"(12, 71, 12, 14, 14)","(12, 14, 12, 71, 71)"
load_26,133,3192,3216,2013-07-16 00:00:00,2013-07-16 23:00:00,2f00846bae2f4dcf,71,14,target,target,0.02978651225566864,"(12, 71, 12, 14, 14)","(12, 14, 12, 71, 71)"
load_26,134,3216,3240,2013-07-17 00:00:00,2013-07-17 23:00:00,5b9bb314639a76ff,71,14,target,target,0.02993669919669628,"(12, 71, 12, 14, 14)","(12, 14, 12, 71, 71)"
load_26,135,3240,3264,2013-07-18 00:00:00,2013-07-18 23:00:00,53fc2f422e277bf3,71,14,target,target,0.02946590632200241,"(12, 71, 12, 14, 14)","(12, 14, 12, 71, 71)"
load_26,136,3264,3288,2013-07-19 00:00:00,2013-07-19 23:00:00,5ea07b1e76367822,71,14,target,target,0.029838068410754204,"(12, 71, 12, 14, 14)","(12, 14, 12, 71, 71)"
load_26,137,3288,3312,2013-07-22 00:00:00,2013-07-22 23:00:00,39ac206901b07cff,71,14,target,target,0.02792639471590519,"(12, 71, 12, 14, 14)","(12, 14, 12, 71, 71)"
load_26,138,3312,3336,2013-07-23 00:00:00,2013-07-23 23:00:00,c28265d1dc8ef807,71,14,target,target,0.028183292597532272,"(12, 71, 12, 14, 14)","(12, 14, 12, 71, 71)"
load_26,139,3336,3360,2013-07-24 00:00:00,2013-07-24 23:00:00,a4dca0ea8d2745fc,71,14,target,target,0.027925096452236176,"(12, 71, 12, 14, 14)","(12, 14, 12, 71, 71)"
load_26,140,3360,3384,2013-07-25 00:00:00,2013-07-25 23:00:00,8bc5e4ae1f68d8e5,71,14,target,target,0.02602914534509182,"(12, 71, 12, 14, 14)","(12, 14, 12, 71, 71)"
load_26,141,3384,3408,2013-07-26 00:00:00,2013-07-26 23:00:00,676428faf1b549ce,71,14,target,target,0.026700038462877274,"(12, 71, 12, 14, 14)","(12, 14, 12, 71, 71)"
load_26,142,3408,3432,2013-07-29 00:00:00,2013-07-29 23:00:00,ed1879dfc62fa4c6,71,14,target,target,0.0266072116792202,"(12, 71, 12, 14, 14)","(12, 14, 12, 71, 71)"
load_26,143,3432,3456,2013-07-30 00:00:00,2013-07-30 23:00:00,eded26255e38378b,71,14,target,known_future:rhum,0.02748480625450611,"(12, 71, 12, 14, 14)","(12, 14, 12, 71, 71)"
load_26,144,3456,3480,2013-07-31 00:00:00,2013-07-31 23:00:00,5243f381ef1f5cd6,71,14,target,known_future:temp,0.02677268534898758,"(12, 71, 12, 14, 14)","(12, 14, 12, 71, 71)"
load_26,145,3480,3504,2013-08-01 00:00:00,2013-08-01 23:00:00,b84490bfa0b6fff3,71,14,target,known_future:temp,0.026781003922224045,"(12, 71, 12, 14, 14)","(12, 14, 12, 71, 71)"
load_26,146,3504,3528,2013-08-02 00:00:00,2013-08-02 23:00:00,17681b08d00907bc,71,14,target,known_future:rhum,0.027898749336600304,"(12, 71, 12, 14, 14)","(12, 14, 12, 71, 71)"
load_26,147,3528,3552,2013-08-05 00:00:00,2013-08-05 23:00:00,0ca213e18bca5d7b,71,14,target,known_future:temp,0.027962004765868187,"(12, 71, 12, 14, 14)","(12, 14, 12, 71, 71)"
load_26,148,3552,3576,2013-08-06 00:00:00,2013-08-06 23:00:00,89bb80e5a88a6edd,71,14,target,target,0.02852391079068184,"(12, 71, 12, 14, 14)","(12, 14, 12, 71, 71)"
load_26,149,3576,3600,2013-08-07 00:00:00,2013-08-07 23:00:00,e80f6c581a4cf8f3,71,14,target,target,0.029859300702810287,"(12, 71, 12, 14, 14)","(12, 14, 12, 71, 71)"
load_26,150,3600,3624,2013-08-08 00:00:00,2013-08-08 23:00:00,94d66036b953b61d,71,14,target,target,0.029684515669941902,"(12, 71, 12, 14, 14)","(12, 14, 12, 71, 71)"
load_26,151,3624,3648,2013-08-09 00:00:00,2013-08-09 23:00:00,d7f32c9d22298a0e,71,14,target,target,0.03048577532172203,"(12, 71, 12, 14, 14)","(12, 14, 12, 71, 71)"
load_26,152,3648,3672,2013-08-12 00:00:00,2013-08-12 23:00:00,5ef69f466dfb769e,71,14,target,target,0.028341978788375854,"(12, 71, 12, 14, 14)","(12, 14, 12, 71, 71)"
load_26,153,3672,3696,2013-08-13 00:00:00,2013-08-13 23:00:00,2f2b5fd776b957af,71,14,target,target,0.0287085622549057,"(12, 71, 12, 14, 14)","(12, 14, 12, 71, 71)"
load_26,154,3696,3720,2013-08-14 00:00:00,2013-08-14 23:00:00,46bc5457e9dd72ab,71,14,target,target,0.028220882639288902,"(12, 71, 12, 14, 14)","(12, 14, 12, 71, 71)"
load_26,155,3720,3744,2013-08-16 00:00:00,2013-08-16 23:00:00,00d52cbe61d23e99,71,14,target,target,0.02427530661225319,"(12, 71, 12, 14, 14)","(12, 14, 12, 71, 71)"
load_26,156,3744,3768,2013-08-19 00:00:00,2013-08-19 23:00:00,a0674e6c20a3663d,71,14,target,target,0.02621925063431263,"(12, 71, 12, 14, 14)","(12, 14, 12, 71, 71)"
load_26,157,3768,3792,2013-08-20 00:00:00,2013-08-20 23:00:00,3a75e70c4fb4cd3f,71,14,target,target,0.02461482211947441,"(12, 71, 12, 14, 14)","(12, 14, 12, 71, 71)"
load_26,158,3792,3816,2013-08-21 00:00:00,2013-08-21 23:00:00,cccfea60c56a5ceb,71,14,target,target,0.0264655239880085,"(12, 71, 12, 14, 14)","(12, 14, 12, 71, 71)"
load_26,159,3816,3840,2013-08-22 00:00:00,2013-08-22 23:00:00,4618faf617adb4c8,71,14,target,known_future:rhum,0.027637744322419167,"(12, 71, 12, 14, 14)","(12, 14, 12, 71, 71)"
load_26,160,3840,3864,2013-08-23 00:00:00,2013-08-23 23:00:00,f6ccf21103515454,71,14,target,known_future:rhum,0.028018878772854805,"(12, 71, 12, 14, 14)","(12, 14, 12, 71, 71)"
load_26,161,3864,3888,2013-08-26 00:00:00,2013-08-26 23:00:00,b4c84b045bd1ac1d,71,14,target,known_future:rhum,0.027996275573968887,"(12, 71, 12, 14, 14)","(12, 14, 12, 71, 71)"
load_26,162,3888,3912,2013-08-27 00:00:00,2013-08-27 23:00:00,9e8203241a40e3e0,71,14,target,target,0.02666790969669819,"(12, 71, 12, 14, 14)","(12, 14, 12, 71, 71)"
load_26,163,3912,3936,2013-08-28 00:00:00,2013-08-28 23:00:00,23deea9223ac4ecc,71,14,target,target,0.026731261983513832,"(12, 71, 12, 14, 14)","(12, 14, 12, 71, 71)"
load_26,164,3936,3960,2013-08-29 00:00:00,2013-08-29 23:00:00,ea0a7f07ff542030,71,14,target,target,0.026219850406050682,"(12, 71, 12, 14, 14)","(12, 14, 12, 71, 71)"
load_26,165,3960,3984,2013-08-30 00:00:00,2013-08-30 23:00:00,e84910d820fc2e71,71,14,target,target,0.027783093973994255,"(12, 71, 12, 14, 14)","(12, 14, 12, 71, 71)"
load_26,166,3984,4008,2013-09-02 00:00:00,2013-09-02 23:00:00,1c6c25b3dfb45f52,71,14,target,target,0.026997987180948257,"(12, 71, 12, 14, 14)","(12, 14, 12, 71, 71)"
load_26,167,4008,4032,2013-09-03 00:00:00,2013-09-03 23:00:00,1ee01ebbe1e1c6b4,71,14,target,target,0.027021069079637527,"(12, 71, 12, 14, 14)","(12, 14, 12, 71, 71)"
load_26,168,4032,4056,2013-09-04 00:00:00,2013-09-04 23:00:00,bb725b90a12844b5,71,14,target,target,0.026798900216817856,"(12, 71, 12, 14, 14)","(12, 14, 12, 71, 71)"
load_26,169,4056,4080,2013-09-05 00:00:00,2013-09-05 23:00:00,bf78ab214c837208,71,14,target,target,0.025488529354333878,"(12, 71, 12, 14, 14)","(12, 14, 12, 71, 71)"
load_26,170,4080,4104,2013-09-06 00:00:00,2013-09-06 23:00:00,1a78600dfef0d8f5,71,14,target,target,0.02637099102139473,"(12, 71, 12, 14, 14)","(12, 14, 12, 71, 71)"
load_26,171,4104,4128,2013-09-09 00:00:00,2013-09-09 23:00:00,cf3b5ea25699a6f5,71,14,target,target,0.02643646113574505,"(12, 71, 12, 14, 14)","(12, 14, 12, 71, 71)"
load_26,172,4128,4152,2013-09-10 00:00:00,2013-09-10 23:00:00,482af5c500c7c553,71,14,target,target,0.027163967490196228,"(12, 71, 12, 14, 14)","(12, 14, 12, 71, 71)"
load_26,173,4152,4176,2013-09-11 00:00:00,2013-09-11 23:00:00,2c7a4179a0aa332c,71,14,target,target,0.026792200282216072,"(12, 71, 12, 14, 14)","(12, 14, 12, 71, 71)"
load_26,174,4176,4200,2013-09-12 00:00:00,2013-09-12 23:00:00,22129ff197098b01,71,14,target,target,0.02718859165906906,"(12, 71, 12, 14, 14)","(12, 14, 12, 71, 71)"
load_26,175,4200,4224,2013-09-13 00:00:00,2013-09-13 23:00:00,add5ca558dbac114,71,14,target,target,0.02828306332230568,"(12, 71, 12, 14, 14)","(12, 14, 12, 71, 71)"
load_26,176,4224,4248,2013-09-16 00:00:00,2013-09-16 23:00:00,9e11af63a2b346bb,71,14,target,target,0.028291089460253716,"(12, 71, 12, 14, 14)","(12, 14, 12, 71, 71)"
load_26,177,4248,4272,2013-09-17 00:00:00,2013-09-17 23:00:00,7e1f1c95f0344f25,71,14,target,target,0.02735249511897564,"(12, 71, 12, 14, 14)","(12, 14, 12, 71, 71)"
load_26,178,4272,4296,2013-09-23 00:00:00,2013-09-23 23:00:00,144d53c0ef4753d5,71,14,target,target,0.027304362505674362,"(12, 71, 12, 14, 14)","(12, 14, 12, 71, 71)"
load_26,179,4296,4320,2013-09-24 00:00:00,2013-09-24 23:00:00,843ff439d39b44b0,71,14,target,target,0.027807537466287613,"(12, 71, 12, 14, 14)","(12, 14, 12, 71, 71)"
load_26,180,4320,4344,2013-09-25 00:00:00,2013-09-25 23:00:00,eb18a0c735ec3c53,71,14,target,target,0.028059618547558784,"(12, 71, 12, 14, 14)","(12, 14, 12, 71, 71)"
load_26,181,4344,4368,2013-09-26 00:00:00,2013-09-26 23:00:00,2439c34f7b1c69c0,71,14,target,target,0.025060661137104034,"(12, 71, 12, 14, 14)","(12, 14, 12, 71, 71)"
load_26,182,4368,4392,2013-09-27 00:00:00,2013-09-27 23:00:00,8848bbf567d0f66e,71,14,target,target,0.026328809559345245,"(12, 71, 12, 14, 14)","(12, 14, 12, 71, 71)"
load_26,183,4392,4416,2013-09-30 00:00:00,2013-09-30 23:00:00,e553ab941a93074a,71,14,target,target,0.02547709457576275,"(12, 71, 12, 14, 14)","(12, 14, 12, 71, 71)"
load_26,184,4416,4440,2013-10-01 00:00:00,2013-10-01 23:00:00,dc1fe5d6b6d2c271,71,14,target,known_future:apparent_temp,0.02683173678815365,"(12, 71, 12, 14, 14)","(12, 14, 12, 71, 71)"
load_26,185,4440,4464,2013-10-02 00:00:00,2013-10-02 23:00:00,dea7347cf432e73c,71,14,target,target,0.02788703516125679,"(12, 71, 12, 14, 14)","(12, 14, 12, 71, 71)"
load_26,186,4464,4488,2013-10-04 00:00:00,2013-10-04 23:00:00,e1eeb5183c70a86c,71,14,target,target,0.02828383445739746,"(12, 71, 12, 14, 14)","(12, 14, 12, 71, 71)"
load_26,187,4488,4512,2013-10-07 00:00:00,2013-10-07 23:00:00,78e6816558a705e9,71,14,target,target,0.02818481996655464,"(12, 71, 12, 14, 14)","(12, 14, 12, 71, 71)"
load_26,188,4512,4536,2013-10-08 00:00:00,2013-10-08 23:00:00,8a8152a49d7e3ffe,71,14,target,target,0.02726013772189617,"(12, 71, 12, 14, 14)","(12, 14, 12, 71, 71)"
load_26,189,4536,4560,2013-10-10 00:00:00,2013-10-10 23:00:00,4b28c456adec9b17,71,14,target,target,0.02801056206226349,"(12, 71, 12, 14, 14)","(12, 14, 12, 71, 71)"
load_26,190,4560,4584,2013-10-11 00:00:00,2013-10-11 23:00:00,43c4a4ed6e549d2f,71,14,target,target,0.026533911004662514,"(12, 71, 12, 14, 14)","(12, 14, 12, 71, 71)"
load_26,191,4584,4608,2013-10-14 00:00:00,2013-10-14 23:00:00,52626f13a570f347,71,14,target,target,0.02616620808839798,"(12, 71, 12, 14, 14)","(12, 14, 12, 71, 71)"
load_26,192,4608,4632,2013-10-15 00:00:00,2013-10-15 23:00:00,7f914965dca61739,71,14,target,target,0.02709250897169113,"(12, 71, 12, 14, 14)","(12, 14, 12, 71, 71)"
load_26,193,4632,4656,2013-10-16 00:00:00,2013-10-16 23:00:00,c605558aa974c9ae,71,14,target,target,0.027697676792740822,"(12, 71, 12, 14, 14)","(12, 14, 12, 71, 71)"
load_26,194,4656,4680,2013-10-17 00:00:00,2013-10-17 23:00:00,9917f3d4f2bf246b,71,14,target,target,0.026395658031105995,"(12, 71, 12, 14, 14)","(12, 14, 12, 71, 71)"
load_26,195,4680,4704,2013-10-18 00:00:00,2013-10-18 23:00:00,0e2f1f4079a23756,71,14,target,target,0.027842329815030098,"(12, 71, 12, 14, 14)","(12, 14, 12, 71, 71)"
load_26,196,4704,4728,2013-10-21 00:00:00,2013-10-21 23:00:00,ee5346226f416d46,71,14,target,target,0.026934193447232246,"(12, 71, 12, 14, 14)","(12, 14, 12, 71, 71)"
load_26,197,4728,4752,2013-10-22 00:00:00,2013-10-22 23:00:00,3a5ee91c5ab8539a,71,14,target,target,0.027569621801376343,"(12, 71, 12, 14, 14)","(12, 14, 12, 71, 71)"
load_26,198,4752,4776,2013-10-23 00:00:00,2013-10-23 23:00:00,65e248800ae6c446,71,14,target,known_future:temp,0.02693990059196949,"(12, 71, 12, 14, 14)","(12, 14, 12, 71, 71)"
load_26,199,4776,4800,2013-10-24 00:00:00,2013-10-24 23:00:00,29d1ff44732cc313,71,14,target,known_future:rhum,0.027352463454008102,"(12, 71, 12, 14, 14)","(12, 14, 12, 71, 71)"
load_26,200,4800,4824,2013-10-25 00:00:00,2013-10-25 23:00:00,4bb1578c6029f1ad,71,14,target,target,0.027930622920393944,"(12, 71, 12, 14, 14)","(12, 14, 12, 71, 71)"
load_26,201,4824,4848,2013-10-28 00:00:00,2013-10-28 23:00:00,5dbf073fb6c5f726,71,14,target,target,0.025600861757993698,"(12, 71, 12, 14, 14)","(12, 14, 12, 71, 71)"
load_26,202,4848,4872,2013-10-29 00:00:00,2013-10-29 23:00:00,d01b1265bb4aeed0,71,14,target,known_future:temp,0.02756188064813614,"(12, 71, 12, 14, 14)","(12, 14, 12, 71, 71)"
load_26,203,4872,4896,2013-10-30 00:00:00,2013-10-30 23:00:00,1801ca765fe4122e,71,14,target,known_future:temp,0.02763690985739231,"(12, 71, 12, 14, 14)","(12, 14, 12, 71, 71)"
load_26,204,4896,4920,2013-10-31 00:00:00,2013-10-31 23:00:00,203de421905d061a,71,14,target,known_future:apparent_temp,0.027619626373052597,"(12, 71, 12, 14, 14)","(12, 14, 12, 71, 71)"
load_26,205,4920,4944,2013-11-01 00:00:00,2013-11-01 23:00:00,1355cb7da53bc4f7,71,14,target,known_future:apparent_temp,0.026649702340364456,"(12, 71, 12, 14, 14)","(12, 14, 12, 71, 71)"
load_26,206,4944,4968,2013-11-04 00:00:00,2013-11-04 23:00:00,8b258c86a40d16ff,71,14,target,target,0.026133466511964798,"(12, 71, 12, 14, 14)","(12, 14, 12, 71, 71)"
load_26,207,4968,4992,2013-11-05 00:00:00,2013-11-05 23:00:00,2867d3a91a3d8ec0,71,14,target,target,0.027284713461995125,"(12, 71, 12, 14, 14)","(12, 14, 12, 71, 71)"
load_26,208,4992,5016,2013-11-06 00:00:00,2013-11-06 23:00:00,63506a5e95e7bd1a,71,14,target,target,0.02692514844238758,"(12, 71, 12, 14, 14)","(12, 14, 12, 71, 71)"
load_26,209,5016,5040,2013-11-07 00:00:00,2013-11-07 23:00:00,50daf525f041d90a,71,14,target,target,0.026411334052681923,"(12, 71, 12, 14, 14)","(12, 14, 12, 71, 71)"
load_26,210,5040,5064,2013-11-08 00:00:00,2013-11-08 23:00:00,792c887f74ba3b89,71,14,target,target,0.027451543137431145,"(12, 71, 12, 14, 14)","(12, 14, 12, 71, 71)"
load_26,211,5064,5088,2013-11-11 00:00:00,2013-11-11 23:00:00,ef8b146ebdf2195b,71,14,target,target,0.02636171318590641,"(12, 71, 12, 14, 14)","(12, 14, 12, 71, 71)"
load_26,212,5088,5112,2013-11-12 00:00:00,2013-11-12 23:00:00,47d803f2adf67eb8,71,14,target,target,0.028764257207512856,"(12, 71, 12, 14, 14)","(12, 14, 12, 71, 71)"
load_26,213,5112,5136,2013-11-13 00:00:00,2013-11-13 23:00:00,79d0668fef47340c,71,14,target,target,0.02796170674264431,"(12, 71, 12, 14, 14)","(12, 14, 12, 71, 71)"
load_26,214,5136,5160,2013-11-14 00:00:00,2013-11-14 23:00:00,cfb4d2c2d224d7b4,71,14,target,target,0.026279497891664505,"(12, 71, 12, 14, 14)","(12, 14, 12, 71, 71)"
load_26,215,5160,5184,2013-11-15 00:00:00,2013-11-15 23:00:00,3c416f3506346858,71,14,target,target,0.027841275557875633,"(12, 71, 12, 14, 14)","(12, 14, 12, 71, 71)"
load_26,216,5184,5208,2013-11-18 00:00:00,2013-11-18 23:00:00,b840c3a6aa0b5904,71,14,target,target,0.02742498181760311,"(12, 71, 12, 14, 14)","(12, 14, 12, 71, 71)"
load_26,217,5208,5232,2013-11-19 00:00:00,2013-11-19 23:00:00,72e48fbdb9c34c0c,71,14,target,target,0.027876146137714386,"(12, 71, 12, 14, 14)","(12, 14, 12, 71, 71)"
load_26,218,5232,5256,2013-11-20 00:00:00,2013-11-20 23:00:00,1f0eafdd5fe39643,71,14,target,target,0.027798466384410858,"(12, 71, 12, 14, 14)","(12, 14, 12, 71, 71)"
load_26,219,5256,5280,2013-11-21 00:00:00,2013-11-21 23:00:00,a928951ad9a24257,71,14,target,target,0.027124682441353798,"(12, 71, 12, 14, 14)","(12, 14, 12, 71, 71)"
load_26,220,5280,5304,2013-11-22 00:00:00,2013-11-22 23:00:00,b58034c6b2891be4,71,14,target,target,0.02760232426226139,"(12, 71, 12, 14, 14)","(12, 14, 12, 71, 71)"
load_26,221,5304,5328,2013-11-25 00:00:00,2013-11-25 23:00:00,9e907768cebc58f2,71,14,target,target,0.027053143829107285,"(12, 71, 12, 14, 14)","(12, 14, 12, 71, 71)"
load_26,222,5328,5352,2013-11-26 00:00:00,2013-11-26 23:00:00,39aa0fbdc4db5397,71,14,target,target,0.026699000969529152,"(12, 71, 12, 14, 14)","(12, 14, 12, 71, 71)"
load_26,223,5352,5376,2013-11-27 00:00:00,2013-11-27 23:00:00,6aab271baad402c8,71,14,target,target,0.026501554995775223,"(12, 71, 12, 14, 14)","(12, 14, 12, 71, 71)"
load_26,224,5376,5400,2013-11-28 00:00:00,2013-11-28 23:00:00,25b07bfabb6cae55,71,14,target,target,0.02586686611175537,"(12, 71, 12, 14, 14)","(12, 14, 12, 71, 71)"
load_26,225,5400,5424,2013-11-29 00:00:00,2013-11-29 23:00:00,369c88e3713166c9,71,14,target,target,0.0264911949634552,"(12, 71, 12, 14, 14)","(12, 14, 12, 71, 71)"
load_26,226,5424,5448,2013-12-02 00:00:00,2013-12-02 23:00:00,600ac61a3294d8e3,71,14,target,target,0.025087082758545876,"(12, 71, 12, 14, 14)","(12, 14, 12, 71, 71)"
load_26,227,5448,5472,2013-12-03 00:00:00,2013-12-03 23:00:00,c9633a4f02109974,71,14,target,target,0.026384806260466576,"(12, 71, 12, 14, 14)","(12, 14, 12, 71, 71)"
load_26,228,5472,5496,2013-12-04 00:00:00,2013-12-04 23:00:00,7f175a19cada116a,71,14,target,target,0.027057724073529243,"(12, 71, 12, 14, 14)","(12, 14, 12, 71, 71)"
load_26,229,5496,5520,2013-12-05 00:00:00,2013-12-05 23:00:00,e356c2c98a1b5033,71,14,target,target,0.026923421770334244,"(12, 71, 12, 14, 14)","(12, 14, 12, 71, 71)"
load_26,230,5520,5544,2013-12-06 00:00:00,2013-12-06 23:00:00,94eaade96860bd0a,71,14,target,target,0.027188120409846306,"(12, 71, 12, 14, 14)","(12, 14, 12, 71, 71)"
load_26,231,5544,5568,2013-12-09 00:00:00,2013-12-09 23:00:00,79af2bcb3f1870bf,71,14,target,target,0.02750040590763092,"(12, 71, 12, 14, 14)","(12, 14, 12, 71, 71)"
load_26,232,5568,5592,2013-12-10 00:00:00,2013-12-10 23:00:00,954d6f23facd7773,71,14,target,target,0.027908748015761375,"(12, 71, 12, 14, 14)","(12, 14, 12, 71, 71)"
load_26,233,5592,5616,2013-12-11 00:00:00,2013-12-11 23:00:00,71f6a39189ca12f3,71,14,target,target,0.028403161093592644,"(12, 71, 12, 14, 14)","(12, 14, 12, 71, 71)"
load_26,234,5616,5640,2013-12-12 00:00:00,2013-12-12 23:00:00,734c672719714f65,71,14,target,target,0.028891677036881447,"(12, 71, 12, 14, 14)","(12, 14, 12, 71, 71)"
load_26,235,5640,5664,2013-12-13 00:00:00,2013-12-13 23:00:00,707c6165fe5822aa,71,14,target,target,0.029318001121282578,"(12, 71, 12, 14, 14)","(12, 14, 12, 71, 71)"
load_26,236,5664,5688,2013-12-16 00:00:00,2013-12-16 23:00:00,73b5ce4de3751a2a,71,14,target,target,0.02820117585361004,"(12, 71, 12, 14, 14)","(12, 14, 12, 71, 71)"
load_26,237,5688,5712,2013-12-17 00:00:00,2013-12-17 23:00:00,fb2e6f4a57aefbbd,71,14,target,target,0.02885177545249462,"(12, 71, 12, 14, 14)","(12, 14, 12, 71, 71)"
load_26,238,5712,5736,2013-12-18 00:00:00,2013-12-18 23:00:00,78231e78a5be5de3,71,14,target,target,0.028467630967497826,"(12, 71, 12, 14, 14)","(12, 14, 12, 71, 71)"
load_26,239,5736,5760,2013-12-19 00:00:00,2013-12-19 23:00:00,216e1e5b058d58a2,71,14,target,target,0.026827497407794,"(12, 71, 12, 14, 14)","(12, 14, 12, 71, 71)"
load_26,240,5760,5784,2013-12-20 00:00:00,2013-12-20 23:00:00,d2b12e9ff59f41d6,71,14,target,target,0.02694873698055744,"(12, 71, 12, 14, 14)","(12, 14, 12, 71, 71)"
load_26,241,5784,5808,2013-12-23 00:00:00,2013-12-23 23:00:00,5761842e3d8acf9d,71,14,target,target,0.026780858635902405,"(12, 71, 12, 14, 14)","(12, 14, 12, 71, 71)"
load_26,242,5808,5832,2013-12-24 00:00:00,2013-12-24 23:00:00,7356966438bafdc8,71,14,target,target,0.026729609817266464,"(12, 71, 12, 14, 14)","(12, 14, 12, 71, 71)"
load_26,243,5832,5856,2013-12-26 00:00:00,2013-12-26 23:00:00,0c134c3c9e50bd63,71,14,target,known_future:temp,0.027937887236475945,"(12, 71, 12, 14, 14)","(12, 14, 12, 71, 71)"
load_26,244,5856,5880,2013-12-27 00:00:00,2013-12-27 23:00:00,92ed2ef38962c374,71,14,target,target,0.025695757940411568,"(12, 71, 12, 14, 14)","(12, 14, 12, 71, 71)"
load_26,245,5880,5904,2013-12-31 00:00:00,2013-12-31 23:00:00,3edd52a2762a59e8,71,14,target,known_future:temp,0.02813323773443699,"(12, 71, 12, 14, 14)","(12, 14, 12, 71, 71)"
load_26,246,5904,5928,2014-01-02 00:00:00,2014-01-02 23:00:00,b81d51532d3cf678,71,14,target,target,0.02728636935353279,"(12, 71, 12, 14, 14)","(12, 14, 12, 71, 71)"
load_26,247,5928,5952,2014-01-03 00:00:00,2014-01-03 23:00:00,78deee9376412985,71,14,target,target,0.027393098920583725,"(12, 71, 12, 14, 14)","(12, 14, 12, 71, 71)"
load_26,248,5952,5976,2014-01-06 00:00:00,2014-01-06 23:00:00,afc886a53e1d721f,71,14,target,target,0.02626095712184906,"(12, 71, 12, 14, 14)","(12, 14, 12, 71, 71)"
load_26,249,5976,6000,2014-01-07 00:00:00,2014-01-07 23:00:00,1fbf1b3bdbe3efd9,71,14,target,target,0.02752530388534069,"(12, 71, 12, 14, 14)","(12, 14, 12, 71, 71)"
load_26,250,6000,6024,2014-01-08 00:00:00,2014-01-08 23:00:00,43dbfcf79d620184,71,14,target,known_future:apparent_temp,0.028546670451760292,"(12, 71, 12, 14, 14)","(12, 14, 12, 71, 71)"
load_26,251,6024,6048,2014-01-09 00:00:00,2014-01-09 23:00:00,439e5db1430e9c53,71,14,target,target,0.02883857861161232,"(12, 71, 12, 14, 14)","(12, 14, 12, 71, 71)"
load_26,252,6048,6072,2014-01-10 00:00:00,2014-01-10 23:00:00,568a5d8b946bccab,71,14,target,target,0.027043350040912628,"(12, 71, 12, 14, 14)","(12, 14, 12, 71, 71)"
load_26,253,6072,6096,2014-01-13 00:00:00,2014-01-13 23:00:00,54c850c1aacb9734,71,14,target,target,0.02610561065375805,"(12, 71, 12, 14, 14)","(12, 14, 12, 71, 71)"
load_26,254,6096,6120,2014-01-14 00:00:00,2014-01-14 23:00:00,73c30c711ff34670,71,14,target,target,0.02657788246870041,"(12, 71, 12, 14, 14)","(12, 14, 12, 71, 71)"
load_26,255,6120,6144,2014-01-15 00:00:00,2014-01-15 23:00:00,90789b4039a459fd,71,14,target,target,0.02662629261612892,"(12, 71, 12, 14, 14)","(12, 14, 12, 71, 71)"
load_26,256,6144,6168,2014-01-16 00:00:00,2014-01-16 23:00:00,ddec05cb55c8de80,71,14,target,target,0.026143787428736687,"(12, 71, 12, 14, 14)","(12, 14, 12, 71, 71)"
load_26,257,6168,6192,2014-01-17 00:00:00,2014-01-17 23:00:00,5e9fcacff762e160,71,14,target,target,0.02606797032058239,"(12, 71, 12, 14, 14)","(12, 14, 12, 71, 71)"
load_26,258,6192,6216,2014-01-20 00:00:00,2014-01-20 23:00:00,6a1d6dee2cfb8111,71,14,target,target,0.025858161970973015,"(12, 71, 12, 14, 14)","(12, 14, 12, 71, 71)"
load_26,259,6216,6240,2014-01-21 00:00:00,2014-01-21 23:00:00,95781193bb62dd56,71,14,target,target,0.02552766725420952,"(12, 71, 12, 14, 14)","(12, 14, 12, 71, 71)"
load_26,260,6240,6264,2014-01-22 00:00:00,2014-01-22 23:00:00,186cc96db751769a,71,14,target,target,0.025823090225458145,"(12, 71, 12, 14, 14)","(12, 14, 12, 71, 71)"
load_26,261,6264,6288,2014-01-23 00:00:00,2014-01-23 23:00:00,77c257037ca8f5d8,71,14,target,target,0.025665277615189552,"(12, 71, 12, 14, 14)","(12, 14, 12, 71, 71)"
load_26,262,6288,6312,2014-01-24 00:00:00,2014-01-24 23:00:00,5289d0c6c66def51,71,14,target,target,0.0265631265938282,"(12, 71, 12, 14, 14)","(12, 14, 12, 71, 71)"
load_26,263,6312,6336,2014-01-27 00:00:00,2014-01-27 23:00:00,a83395bc86e09e0c,71,14,target,target,0.025182180106639862,"(12, 71, 12, 14, 14)","(12, 14, 12, 71, 71)"
load_26,264,6336,6360,2014-01-28 00:00:00,2014-01-28 23:00:00,936336b4a574e100,71,14,target,target,0.025675509124994278,"(12, 71, 12, 14, 14)","(12, 14, 12, 71, 71)"
load_26,265,6360,6384,2014-01-29 00:00:00,2014-01-29 23:00:00,a79b300a624658a1,71,14,target,known_future:temp,0.026413125917315483,"(12, 71, 12, 14, 14)","(12, 14, 12, 71, 71)"
load_26,266,6384,6408,2014-02-03 00:00:00,2014-02-03 23:00:00,0fe114663b3adaf6,71,14,target,target,0.026704784482717514,"(12, 71, 12, 14, 14)","(12, 14, 12, 71, 71)"
load_26,267,6408,6432,2014-02-04 00:00:00,2014-02-04 23:00:00,e1a85370f2efbd2e,71,14,target,target,0.025488194078207016,"(12, 71, 12, 14, 14)","(12, 14, 12, 71, 71)"
load_26,268,6432,6456,2014-02-05 00:00:00,2014-02-05 23:00:00,b7704914476dda5b,71,14,target,target,0.02599877491593361,"(12, 71, 12, 14, 14)","(12, 14, 12, 71, 71)"
load_26,269,6456,6480,2014-02-06 00:00:00,2014-02-06 23:00:00,84b6fd842531cf29,71,14,target,target,0.02618810534477234,"(12, 71, 12, 14, 14)","(12, 14, 12, 71, 71)"
load_26,270,6480,6504,2014-02-07 00:00:00,2014-02-07 23:00:00,eed757e35d2d80cb,71,14,target,target,0.02611086145043373,"(12, 71, 12, 14, 14)","(12, 14, 12, 71, 71)"
load_26,271,6504,6528,2014-02-10 00:00:00,2014-02-10 23:00:00,27411fda71eb30bb,71,14,target,target,0.026973148807883263,"(12, 71, 12, 14, 14)","(12, 14, 12, 71, 71)"
load_26,272,6528,6552,2014-02-11 00:00:00,2014-02-11 23:00:00,f51b76b08bfb4651,71,14,target,target,0.02705131098628044,"(12, 71, 12, 14, 14)","(12, 14, 12, 71, 71)"
load_26,273,6552,6576,2014-02-12 00:00:00,2014-02-12 23:00:00,02d667af72edda68,71,14,target,target,0.02744610235095024,"(12, 71, 12, 14, 14)","(12, 14, 12, 71, 71)"
load_26,274,6576,6600,2014-02-13 00:00:00,2014-02-13 23:00:00,69cca7763f32862a,71,14,target,target,0.027375247329473495,"(12, 71, 12, 14, 14)","(12, 14, 12, 71, 71)"
load_26,275,6600,6624,2014-02-14 00:00:00,2014-02-14 23:00:00,1c3f43ecfaa9e092,71,14,target,target,0.0261703934520483,"(12, 71, 12, 14, 14)","(12, 14, 12, 71, 71)"
load_26,276,6624,6648,2014-02-17 00:00:00,2014-02-17 23:00:00,dbda73c9022d186b,71,14,target,target,0.026451895013451576,"(12, 71, 12, 14, 14)","(12, 14, 12, 71, 71)"
load_26,277,6648,6672,2014-02-18 00:00:00,2014-02-18 23:00:00,1ab3231ef2aa2803,71,14,target,target,0.026493346318602562,"(12, 71, 12, 14, 14)","(12, 14, 12, 71, 71)"
load_26,278,6672,6696,2014-02-19 00:00:00,2014-02-19 23:00:00,a6c9d3874b05d3ec,71,14,target,target,0.02681037411093712,"(12, 71, 12, 14, 14)","(12, 14, 12, 71, 71)"
load_26,279,6696,6720,2014-02-20 00:00:00,2014-02-20 23:00:00,c93750493a133dc9,71,14,target,target,0.025911103934049606,"(12, 71, 12, 14, 14)","(12, 14, 12, 71, 71)"
load_26,280,6720,6744,2014-02-21 00:00:00,2014-02-21 23:00:00,6ba78f8daf326b98,71,14,target,target,0.02623061276972294,"(12, 71, 12, 14, 14)","(12, 14, 12, 71, 71)"
load_26,281,6744,6768,2014-02-24 00:00:00,2014-02-24 23:00:00,c3ecadb2d69ba45d,71,14,target,known_future:apparent_temp,0.02726374939084053,"(12, 71, 12, 14, 14)","(12, 14, 12, 71, 71)"
load_26,282,6768,6792,2014-02-25 00:00:00,2014-02-25 23:00:00,cb9e564361300b8d,71,14,target,target,0.02730964496731758,"(12, 71, 12, 14, 14)","(12, 14, 12, 71, 71)"
load_26,283,6792,6816,2014-02-26 00:00:00,2014-02-26 23:00:00,8432360d2ba5f806,71,14,target,target,0.028086625039577484,"(12, 71, 12, 14, 14)","(12, 14, 12, 71, 71)"
load_26,284,6816,6840,2014-02-27 00:00:00,2014-02-27 23:00:00,1ef5c31989c2bd93,71,14,target,target,0.027196617797017097,"(12, 71, 12, 14, 14)","(12, 14, 12, 71, 71)"
load_26,285,6840,6864,2014-02-28 00:00:00,2014-02-28 23:00:00,36421b3ef3c8ac1e,71,14,target,target,0.02665129117667675,"(12, 71, 12, 14, 14)","(12, 14, 12, 71, 71)"
load_26,286,6864,6888,2014-03-03 00:00:00,2014-03-03 23:00:00,f80abae7d6b1bfd2,71,14,target,target,0.02549159899353981,"(12, 71, 12, 14, 14)","(12, 14, 12, 71, 71)"
load_26,287,6888,6912,2014-03-04 00:00:00,2014-03-04 23:00:00,039fb3d9cf88a5ea,71,14,target,target,0.027327589690685272,"(12, 71, 12, 14, 14)","(12, 14, 12, 71, 71)"
load_26,288,6912,6936,2014-03-05 00:00:00,2014-03-05 23:00:00,54a80fa608710013,71,14,target,target,0.02748013846576214,"(12, 71, 12, 14, 14)","(12, 14, 12, 71, 71)"
load_26,289,6936,6960,2014-03-06 00:00:00,2014-03-06 23:00:00,cc0442655da9e927,71,14,target,target,0.02707766182720661,"(12, 71, 12, 14, 14)","(12, 14, 12, 71, 71)"
load_26,290,6960,6984,2014-03-07 00:00:00,2014-03-07 23:00:00,2d60b4c85dcf4c13,71,14,target,target,0.02732720784842968,"(12, 71, 12, 14, 14)","(12, 14, 12, 71, 71)"
load_26,291,6984,7008,2014-03-10 00:00:00,2014-03-10 23:00:00,12040e9fb12ad8f7,71,14,target,target,0.02641948126256466,"(12, 71, 12, 14, 14)","(12, 14, 12, 71, 71)"
load_26,292,7008,7032,2014-03-11 00:00:00,2014-03-11 23:00:00,736e3f1c06a515db,71,14,target,target,0.026893382892012596,"(12, 71, 12, 14, 14)","(12, 14, 12, 71, 71)"
load_26,293,7032,7056,2014-03-12 00:00:00,2014-03-12 23:00:00,6f7db0db12997ea2,71,14,target,target,0.026603657752275467,"(12, 71, 12, 14, 14)","(12, 14, 12, 71, 71)"
load_26,294,7056,7080,2014-03-13 00:00:00,2014-03-13 23:00:00,5e4000c28fb11dd3,71,14,target,target,0.027097782120108604,"(12, 71, 12, 14, 14)","(12, 14, 12, 71, 71)"
load_26,295,7080,7104,2014-03-14 00:00:00,2014-03-14 23:00:00,50c885ba96ac18de,71,14,target,target,0.02687109261751175,"(12, 71, 12, 14, 14)","(12, 14, 12, 71, 71)"
load_26,296,7104,7128,2014-03-17 00:00:00,2014-03-17 23:00:00,34769fa90138fa7e,71,14,target,target,0.027257537469267845,"(12, 71, 12, 14, 14)","(12, 14, 12, 71, 71)"
load_26,297,7128,7152,2014-03-18 00:00:00,2014-03-18 23:00:00,992f8cb87c8927d5,71,14,target,target,0.02922869101166725,"(12, 71, 12, 14, 14)","(12, 14, 12, 71, 71)"
load_26,298,7152,7176,2014-03-19 00:00:00,2014-03-19 23:00:00,f221ecd67c8a2c97,71,14,target,target,0.02871437929570675,"(12, 71, 12, 14, 14)","(12, 14, 12, 71, 71)"
load_26,299,7176,7200,2014-03-20 00:00:00,2014-03-20 23:00:00,ecd299b0608cfc53,71,14,target,target,0.02887183241546154,"(12, 71, 12, 14, 14)","(12, 14, 12, 71, 71)"
load_26,300,7200,7224,2014-03-21 00:00:00,2014-03-21 23:00:00,7e4ad86e78eb7e0e,71,14,target,target,0.028080610558390617,"(12, 71, 12, 14, 14)","(12, 14, 12, 71, 71)"
load_26,301,7224,7248,2014-03-24 00:00:00,2014-03-24 23:00:00,f07133ec760e9733,71,14,target,target,0.026929372921586037,"(12, 71, 12, 14, 14)","(12, 14, 12, 71, 71)"
load_26,302,7248,7272,2014-03-25 00:00:00,2014-03-25 23:00:00,814f977f468336cf,71,14,target,target,0.028467370197176933,"(12, 71, 12, 14, 14)","(12, 14, 12, 71, 71)"
load_26,303,7272,7296,2014-03-26 00:00:00,2014-03-26 23:00:00,86c292f09978d668,71,14,target,target,0.027712436392903328,"(12, 71, 12, 14, 14)","(12, 14, 12, 71, 71)"
load_26,304,7296,7320,2014-03-27 00:00:00,2014-03-27 23:00:00,fa7afaeb3c26e006,71,14,target,target,0.027124568819999695,"(12, 71, 12, 14, 14)","(12, 14, 12, 71, 71)"
load_26,305,7320,7344,2014-03-28 00:00:00,2014-03-28 23:00:00,cb5725753d812043,71,14,target,target,0.02706192061305046,"(12, 71, 12, 14, 14)","(12, 14, 12, 71, 71)"
load_26,306,7344,7368,2014-03-31 00:00:00,2014-03-31 23:00:00,8cba0d26766e77e9,71,14,target,target,0.02595209889113903,"(12, 71, 12, 14, 14)","(12, 14, 12, 71, 71)"
load_26,307,7368,7392,2014-04-01 00:00:00,2014-04-01 23:00:00,dae3217c83bc02da,71,14,target,target,0.026418006047606468,"(12, 71, 12, 14, 14)","(12, 14, 12, 71, 71)"
load_26,308,7392,7416,2014-04-02 00:00:00,2014-04-02 23:00:00,71fe606cc01b02e5,71,14,target,target,0.025946512818336487,"(12, 71, 12, 14, 14)","(12, 14, 12, 71, 71)"
load_26,309,7416,7440,2014-04-03 00:00:00,2014-04-03 23:00:00,b1d1f913cd306d53,71,14,target,known_future:rhum,0.027869386598467827,"(12, 71, 12, 14, 14)","(12, 14, 12, 71, 71)"
load_26,310,7440,7464,2014-04-04 00:00:00,2014-04-04 23:00:00,a6146757f162d092,71,14,target,target,0.025935517624020576,"(12, 71, 12, 14, 14)","(12, 14, 12, 71, 71)"
load_26,311,7464,7488,2014-04-07 00:00:00,2014-04-07 23:00:00,6c717fc754c0453d,71,14,target,target,0.0256180502474308,"(12, 71, 12, 14, 14)","(12, 14, 12, 71, 71)"
load_26,312,7488,7512,2014-04-08 00:00:00,2014-04-08 23:00:00,88f7c92b26d4c9f8,71,14,target,target,0.026067335158586502,"(12, 71, 12, 14, 14)","(12, 14, 12, 71, 71)"
load_26,313,7512,7536,2014-04-09 00:00:00,2014-04-09 23:00:00,8de8c4c2a49ca5be,71,14,target,target,0.02586132474243641,"(12, 71, 12, 14, 14)","(12, 14, 12, 71, 71)"
load_26,314,7536,7560,2014-04-10 00:00:00,2014-04-10 23:00:00,aa15723450c20923,71,14,target,target,0.02579963393509388,"(12, 71, 12, 14, 14)","(12, 14, 12, 71, 71)"
load_26,315,7560,7584,2014-04-11 00:00:00,2014-04-11 23:00:00,7073eceada5cc47f,71,14,target,target,0.025972377508878708,"(12, 71, 12, 14, 14)","(12, 14, 12, 71, 71)"
load_26,316,7584,7608,2014-04-14 00:00:00,2014-04-14 23:00:00,f4b15dc8513147eb,71,14,target,target,0.026315882802009583,"(12, 71, 12, 14, 14)","(12, 14, 12, 71, 71)"
load_26,317,7608,7632,2014-04-15 00:00:00,2014-04-15 23:00:00,ea97482ec486e52a,71,14,target,target,0.025996465235948563,"(12, 71, 12, 14, 14)","(12, 14, 12, 71, 71)"
load_26,318,7632,7656,2014-04-16 00:00:00,2014-04-16 23:00:00,489e02e2880625d1,71,14,target,target,0.02504824474453926,"(12, 71, 12, 14, 14)","(12, 14, 12, 71, 71)"
load_26,319,7656,7680,2014-04-17 00:00:00,2014-04-17 23:00:00,1bfc3c3743b3926c,71,14,target,known_future:temp,0.025681868195533752,"(12, 71, 12, 14, 14)","(12, 14, 12, 71, 71)"
load_26,320,7680,7704,2014-04-18 00:00:00,2014-04-18 23:00:00,425846dfee42c21c,71,14,target,target,0.02502512000501156,"(12, 71, 12, 14, 14)","(12, 14, 12, 71, 71)"
load_26,321,7704,7728,2014-04-21 00:00:00,2014-04-21 23:00:00,5f8b2ccbe6fc2eb2,71,14,target,known_future:temp,0.025263924151659012,"(12, 71, 12, 14, 14)","(12, 14, 12, 71, 71)"
load_26,322,7728,7752,2014-04-22 00:00:00,2014-04-22 23:00:00,171b723a4dddbd84,71,14,target,known_future:temp,0.026953648775815964,"(12, 71, 12, 14, 14)","(12, 14, 12, 71, 71)"
load_26,323,7752,7776,2014-04-23 00:00:00,2014-04-23 23:00:00,8e5fa7e838b573ca,71,14,target,target,0.02603183500468731,"(12, 71, 12, 14, 14)","(12, 14, 12, 71, 71)"
load_26,324,7776,7800,2014-04-24 00:00:00,2014-04-24 23:00:00,041be3788429b51f,71,14,target,target,0.026038335636258125,"(12, 71, 12, 14, 14)","(12, 14, 12, 71, 71)"
load_26,325,7800,7824,2014-04-25 00:00:00,2014-04-25 23:00:00,f149dbb068818917,71,14,target,target,0.026186814531683922,"(12, 71, 12, 14, 14)","(12, 14, 12, 71, 71)"
load_26,326,7824,7848,2014-04-28 00:00:00,2014-04-28 23:00:00,534190060cf1180e,71,14,target,target,0.025563504546880722,"(12, 71, 12, 14, 14)","(12, 14, 12, 71, 71)"
load_26,327,7848,7872,2014-04-29 00:00:00,2014-04-29 23:00:00,26995fe25bff8cf2,71,14,target,target,0.0274992436170578,"(12, 71, 12, 14, 14)","(12, 14, 12, 71, 71)"
load_26,328,7872,7896,2014-04-30 00:00:00,2014-04-30 23:00:00,b3cb8afe193cdfdf,71,14,target,target,0.027678105980157852,"(12, 71, 12, 14, 14)","(12, 14, 12, 71, 71)"
load_26,329,7896,7920,2014-05-01 00:00:00,2014-05-01 23:00:00,6c506e3a536c044b,71,14,target,target,0.027061069384217262,"(12, 71, 12, 14, 14)","(12, 14, 12, 71, 71)"
load_26,330,7920,7944,2014-05-02 00:00:00,2014-05-02 23:00:00,48f343503a77ab8c,71,14,target,target,0.025825973600149155,"(12, 71, 12, 14, 14)","(12, 14, 12, 71, 71)"
load_26,331,7944,7968,2014-05-07 00:00:00,2014-05-07 23:00:00,52a67e16df5c075a,71,14,target,target,0.026532785966992378,"(12, 71, 12, 14, 14)","(12, 14, 12, 71, 71)"
load_26,332,7968,7992,2014-05-08 00:00:00,2014-05-08 23:00:00,172791f81b01275b,71,14,target,target,0.02751045487821102,"(12, 71, 12, 14, 14)","(12, 14, 12, 71, 71)"
load_26,333,7992,8016,2014-05-09 00:00:00,2014-05-09 23:00:00,bab3134d185241aa,71,14,target,target,0.026502197608351707,"(12, 71, 12, 14, 14)","(12, 14, 12, 71, 71)"
load_26,334,8016,8040,2014-05-12 00:00:00,2014-05-12 23:00:00,9cee50347698e7f8,71,14,target,target,0.027001790702342987,"(12, 71, 12, 14, 14)","(12, 14, 12, 71, 71)"
load_26,335,8040,8064,2014-05-13 00:00:00,2014-05-13 23:00:00,1ca103f077884530,71,14,target,known_future:temp,0.027158021926879883,"(12, 71, 12, 14, 14)","(12, 14, 12, 71, 71)"
load_26,336,8064,8088,2014-05-14 00:00:00,2014-05-14 23:00:00,b441c838b2bf801b,71,14,target,target,0.024691011756658554,"(12, 71, 12, 14, 14)","(12, 14, 12, 71, 71)"
load_26,337,8088,8112,2014-05-15 00:00:00,2014-05-15 23:00:00,285c1a370e06bdc9,71,14,target,target,0.026013150811195374,"(12, 71, 12, 14, 14)","(12, 14, 12, 71, 71)"
load_26,338,8112,8136,2014-05-16 00:00:00,2014-05-16 23:00:00,37619ed59498362a,71,14,target,target,0.02530154585838318,"(12, 71, 12, 14, 14)","(12, 14, 12, 71, 71)"
load_26,339,8136,8160,2014-05-19 00:00:00,2014-05-19 23:00:00,52f4a6879af51da1,71,14,target,target,0.025626419112086296,"(12, 71, 12, 14, 14)","(12, 14, 12, 71, 71)"
load_26,340,8160,8184,2014-05-20 00:00:00,2014-05-20 23:00:00,5ba3d9a0986b6fdc,71,14,target,target,0.02522212453186512,"(12, 71, 12, 14, 14)","(12, 14, 12, 71, 71)"
load_26,341,8184,8208,2014-05-21 00:00:00,2014-05-21 23:00:00,5c939037697786a6,71,14,target,known_future:temp,0.026617908850312233,"(12, 71, 12, 14, 14)","(12, 14, 12, 71, 71)"
load_26,342,8208,8232,2014-05-22 00:00:00,2014-05-22 23:00:00,e5a8eca35ec94489,71,14,target,known_future:temp,0.024852443486452103,"(12, 71, 12, 14, 14)","(12, 14, 12, 71, 71)"
load_26,343,8232,8256,2014-05-23 00:00:00,2014-05-23 23:00:00,fbe9f9c2fd7bd419,71,14,target,known_future:temp,0.02568569779396057,"(12, 71, 12, 14, 14)","(12, 14, 12, 71, 71)"
load_26,344,8256,8280,2014-05-26 00:00:00,2014-05-26 23:00:00,f4626f105b7ed3c0,71,14,target,known_future:rhum,0.027549223974347115,"(12, 71, 12, 14, 14)","(12, 14, 12, 71, 71)"
load_26,345,8280,8304,2014-05-27 00:00:00,2014-05-27 23:00:00,7b74b30bb2e82dd9,71,14,target,known_future:temp,0.030244484543800354,"(12, 71, 12, 14, 14)","(12, 14, 12, 71, 71)"
load_26,346,8304,8328,2014-05-28 00:00:00,2014-05-28 23:00:00,c6788ed781cbcde7,71,14,target,known_future:temp,0.029500793665647507,"(12, 71, 12, 14, 14)","(12, 14, 12, 71, 71)"
load_26,347,8328,8352,2014-05-29 00:00:00,2014-05-29 23:00:00,c2fd2658e4156a9c,71,14,target,known_future:temp,0.027620606124401093,"(12, 71, 12, 14, 14)","(12, 14, 12, 71, 71)"
load_26,348,8352,8376,2014-05-30 00:00:00,2014-05-30 23:00:00,2ade18e66529c1ad,71,14,target,known_future:temp,0.02621500939130783,"(12, 71, 12, 14, 14)","(12, 14, 12, 71, 71)"
load_26,349,8376,8400,2014-06-02 00:00:00,2014-06-02 23:00:00,217a60460bd99be1,71,14,target,target,0.02629060298204422,"(12, 71, 12, 14, 14)","(12, 14, 12, 71, 71)"
load_26,350,8400,8424,2014-06-03 00:00:00,2014-06-03 23:00:00,5a14bf84041096bb,71,14,target,known_future:apparent_temp,0.025898784399032593,"(12, 71, 12, 14, 14)","(12, 14, 12, 71, 71)"
load_26,351,8424,8448,2014-06-04 00:00:00,2014-06-04 23:00:00,2539a2aae08aa866,71,14,target,target,0.02632416971027851,"(12, 71, 12, 14, 14)","(12, 14, 12, 71, 71)"
load_26,352,8448,8472,2014-06-05 00:00:00,2014-06-05 23:00:00,a1d6b453a8f2541e,71,14,target,known_future:rhum,0.02955988608300686,"(12, 71, 12, 14, 14)","(12, 14, 12, 71, 71)"
load_26,353,8472,8496,2014-06-09 00:00:00,2014-06-09 23:00:00,39bb23807058d4a5,71,14,target,target,0.02630206197500229,"(12, 71, 12, 14, 14)","(12, 14, 12, 71, 71)"
load_26,354,8496,8520,2014-06-10 00:00:00,2014-06-10 23:00:00,b43aa7bb22ed94db,71,14,target,known_future:rhum,0.02751309983432293,"(12, 71, 12, 14, 14)","(12, 14, 12, 71, 71)"
load_26,355,8520,8544,2014-06-11 00:00:00,2014-06-11 23:00:00,0785c33805877cf2,71,14,target,known_future:rhum,0.027468962594866753,"(12, 71, 12, 14, 14)","(12, 14, 12, 71, 71)"
load_26,356,8544,8568,2014-06-12 00:00:00,2014-06-12 23:00:00,5339d00b4b4aeb56,71,14,target,known_future:apparent_temp,0.027750752866268158,"(12, 71, 12, 14, 14)","(12, 14, 12, 71, 71)"
load_26,357,8568,8592,2014-06-13 00:00:00,2014-06-13 23:00:00,351436d53477d9a6,71,14,target,known_future:temp,0.03141341358423233,"(12, 71, 12, 14, 14)","(12, 14, 12, 71, 71)"
load_26,358,8592,8616,2014-06-16 00:00:00,2014-06-16 23:00:00,386ef992a611db23,71,14,target,known_future:temp,0.029313843697309494,"(12, 71, 12, 14, 14)","(12, 14, 12, 71, 71)"
load_26,359,8616,8640,2014-06-17 00:00:00,2014-06-17 23:00:00,703b40cf98a714b1,71,14,target,known_future:rhum,0.02928139641880989,"(12, 71, 12, 14, 14)","(12, 14, 12, 71, 71)"
load_26,360,8640,8664,2014-06-18 00:00:00,2014-06-18 23:00:00,dc1b78636e355337,71,14,target,known_future:rhum,0.026706798002123833,"(12, 71, 12, 14, 14)","(12, 14, 12, 71, 71)"
load_26,361,8664,8688,2014-06-19 00:00:00,2014-06-19 23:00:00,49a194125487bdac,71,14,target,known_future:temp,0.02649509534239769,"(12, 71, 12, 14, 14)","(12, 14, 12, 71, 71)"
load_26,362,8688,8712,2014-06-20 00:00:00,2014-06-20 23:00:00,8f15ad9ae8a72a69,71,14,target,target,0.026008635759353638,"(12, 71, 12, 14, 14)","(12, 14, 12, 71, 71)"
load_26,363,8712,8736,2014-06-23 00:00:00,2014-06-23 23:00:00,c370f1a6f92baf89,71,14,target,known_future:rhum,0.02773551270365715,"(12, 71, 12, 14, 14)","(12, 14, 12, 71, 71)"
load_26,364,8736,8760,2014-06-24 00:00:00,2014-06-24 23:00:00,ee06fdccf0c6712a,71,14,target,target,0.026322780176997185,"(12, 71, 12, 14, 14)","(12, 14, 12, 71, 71)"
load_26,365,8760,8784,2014-06-25 00:00:00,2014-06-25 23:00:00,706fb18e7acf3966,71,14,target,known_future:temp,0.026631953194737434,"(12, 71, 12, 14, 14)","(12, 14, 12, 71, 71)"
load_26,366,8784,8808,2014-06-26 00:00:00,2014-06-26 23:00:00,95e0afb58d8ce3cb,71,14,target,known_future:temp,0.0265419390052557,"(12, 71, 12, 14, 14)","(12, 14, 12, 71, 71)"
load_26,367,8808,8832,2014-06-27 00:00:00,2014-06-27 23:00:00,3370628e69259f0d,71,14,target,target,0.02555406652390957,"(12, 71, 12, 14, 14)","(12, 14, 12, 71, 71)"
load_26,368,8832,8856,2014-06-30 00:00:00,2014-06-30 23:00:00,048f781edf2c1b9b,71,14,target,target,0.025843685492873192,"(12, 71, 12, 14, 14)","(12, 14, 12, 71, 71)"
load_26,369,8856,8880,2014-07-01 00:00:00,2014-07-01 23:00:00,6024ff2a773de895,71,14,target,target,0.026432054117321968,"(12, 71, 12, 14, 14)","(12, 14, 12, 71, 71)"
load_26,370,8880,8904,2014-07-02 00:00:00,2014-07-02 23:00:00,3ba58f14aae46bd4,71,14,target,target,0.028193125501275063,"(12, 71, 12, 14, 14)","(12, 14, 12, 71, 71)"
load_26,371,8904,8928,2014-07-03 00:00:00,2014-07-03 23:00:00,4b1c7812fabc61e4,71,14,target,target,0.028389474377036095,"(12, 71, 12, 14, 14)","(12, 14, 12, 71, 71)"
load_26,372,8928,8952,2014-07-04 00:00:00,2014-07-04 23:00:00,6968f51e047e7e40,71,14,target,target,0.027347780764102936,"(12, 71, 12, 14, 14)","(12, 14, 12, 71, 71)"
load_26,373,8952,8976,2014-07-07 00:00:00,2014-07-07 23:00:00,ff0640be77fd5343,71,14,target,target,0.026028912514448166,"(12, 71, 12, 14, 14)","(12, 14, 12, 71, 71)"
load_26,374,8976,9000,2014-07-08 00:00:00,2014-07-08 23:00:00,88d24530ae55287b,71,14,target,target,0.02837841399013996,"(12, 71, 12, 14, 14)","(12, 14, 12, 71, 71)"
load_26,375,9000,9024,2014-07-09 00:00:00,2014-07-09 23:00:00,cd0d0365fbac1b55,71,14,target,target,0.02822881191968918,"(12, 71, 12, 14, 14)","(12, 14, 12, 71, 71)"
load_26,376,9024,9048,2014-07-10 00:00:00,2014-07-10 23:00:00,7f8ba92394a3dd41,71,14,target,target,0.028399674221873283,"(12, 71, 12, 14, 14)","(12, 14, 12, 71, 71)"
load_26,377,9048,9072,2014-07-11 00:00:00,2014-07-11 23:00:00,885363a6cdcf4afe,71,14,target,target,0.027566367760300636,"(12, 71, 12, 14, 14)","(12, 14, 12, 71, 71)"
load_26,378,9072,9096,2014-07-14 00:00:00,2014-07-14 23:00:00,7b59d0ccfe64d262,71,14,target,target,0.026537999510765076,"(12, 71, 12, 14, 14)","(12, 14, 12, 71, 71)"
load_26,379,9096,9120,2014-07-15 00:00:00,2014-07-15 23:00:00,0b9155a05907c04c,71,14,target,target,0.025379225611686707,"(12, 71, 12, 14, 14)","(12, 14, 12, 71, 71)"
load_26,380,9120,9144,2014-07-16 00:00:00,2014-07-16 23:00:00,30d9f67590eec6e5,71,14,target,target,0.025472017005085945,"(12, 71, 12, 14, 14)","(12, 14, 12, 71, 71)"
load_26,381,9144,9168,2014-07-17 00:00:00,2014-07-17 23:00:00,a8fdac82910501a1,71,14,target,target,0.025900930166244507,"(12, 71, 12, 14, 14)","(12, 14, 12, 71, 71)"
load_26,382,9168,9192,2014-07-18 00:00:00,2014-07-18 23:00:00,c162ff5baa0605ef,71,14,target,target,0.026182502508163452,"(12, 71, 12, 14, 14)","(12, 14, 12, 71, 71)"
load_26,383,9192,9216,2014-07-21 00:00:00,2014-07-21 23:00:00,5459473ac8a681b4,71,14,target,known_future:temp,0.02587590552866459,"(12, 71, 12, 14, 14)","(12, 14, 12, 71, 71)"
load_26,384,9216,9240,2014-07-22 00:00:00,2014-07-22 23:00:00,7558f76cdea25847,71,14,target,target,0.026834892109036446,"(12, 71, 12, 14, 14)","(12, 14, 12, 71, 71)"
load_26,385,9240,9264,2014-07-23 00:00:00,2014-07-23 23:00:00,00edce4c74feb14f,71,14,target,known_future:temp,0.02606075257062912,"(12, 71, 12, 14, 14)","(12, 14, 12, 71, 71)"
load_26,386,9264,9288,2014-07-24 00:00:00,2014-07-24 23:00:00,6e80feced5348767,71,14,target,known_future:temp,0.027154656127095222,"(12, 71, 12, 14, 14)","(12, 14, 12, 71, 71)"
load_26,387,9288,9312,2014-07-25 00:00:00,2014-07-25 23:00:00,ba3a4bb7373d1dae,71,14,target,target,0.026201024651527405,"(12, 71, 12, 14, 14)","(12, 14, 12, 71, 71)"
load_26,388,9312,9336,2014-07-28 00:00:00,2014-07-28 23:00:00,56d7cc638e16386b,71,14,target,known_future:temp,0.026202237233519554,"(12, 71, 12, 14, 14)","(12, 14, 12, 71, 71)"
load_26,389,9336,9360,2014-07-29 00:00:00,2014-07-29 23:00:00,c03a383165e131f3,71,14,target,known_future:temp,0.026721561327576637,"(12, 71, 12, 14, 14)","(12, 14, 12, 71, 71)"
load_26,390,9360,9384,2014-07-30 00:00:00,2014-07-30 23:00:00,72a30e1e239b01e1,71,14,target,known_future:rhum,0.025795603170990944,"(12, 71, 12, 14, 14)","(12, 14, 12, 71, 71)"
load_26,391,9384,9408,2014-07-31 00:00:00,2014-07-31 23:00:00,9862193138b124ac,71,14,target,known_future:temp,0.026750333607196808,"(12, 71, 12, 14, 14)","(12, 14, 12, 71, 71)"
load_26,392,9408,9432,2014-08-01 00:00:00,2014-08-01 23:00:00,ae3376d1c1709a88,71,14,target,target,0.02534501440823078,"(12, 71, 12, 14, 14)","(12, 14, 12, 71, 71)"
load_26,393,9432,9456,2014-08-04 00:00:00,2014-08-04 23:00:00,2fca429fa42d0264,71,14,target,target,0.025254758074879646,"(12, 71, 12, 14, 14)","(12, 14, 12, 71, 71)"
load_26,394,9456,9480,2014-08-05 00:00:00,2014-08-05 23:00:00,c02d294f4dec6771,71,14,target,known_future:temp,0.025312455371022224,"(12, 71, 12, 14, 14)","(12, 14, 12, 71, 71)"
load_26,395,9480,9504,2014-08-06 00:00:00,2014-08-06 23:00:00,5ee9a07b19029da9,71,14,target,target,0.026662049815058708,"(12, 71, 12, 14, 14)","(12, 14, 12, 71, 71)"
load_26,396,9504,9528,2014-08-07 00:00:00,2014-08-07 23:00:00,41abde2e5c7cfbad,71,14,target,target,0.0275405403226614,"(12, 71, 12, 14, 14)","(12, 14, 12, 71, 71)"
load_26,397,9528,9552,2014-08-08 00:00:00,2014-08-08 23:00:00,e6b7830c7da813ad,71,14,target,target,0.027723917737603188,"(12, 71, 12, 14, 14)","(12, 14, 12, 71, 71)"
load_26,398,9552,9576,2014-08-11 00:00:00,2014-08-11 23:00:00,7079bef0b47340f6,71,14,target,target,0.028089556843042374,"(12, 71, 12, 14, 14)","(12, 14, 12, 71, 71)"
load_26,399,9576,9600,2014-08-12 00:00:00,2014-08-12 23:00:00,9038a9091eb3dd24,71,14,target,target,0.028305234387516975,"(12, 71, 12, 14, 14)","(12, 14, 12, 71, 71)"
load_26,400,9600,9624,2014-08-13 00:00:00,2014-08-13 23:00:00,11df72a275e55697,71,14,target,known_future:rhum,0.02766682207584381,"(12, 71, 12, 14, 14)","(12, 14, 12, 71, 71)"
load_26,401,9624,9648,2014-08-14 00:00:00,2014-08-14 23:00:00,d26379b12bfdfec0,71,14,target,known_future:rhum,0.02873583883047104,"(12, 71, 12, 14, 14)","(12, 14, 12, 71, 71)"
load_26,402,9648,9672,2014-08-18 00:00:00,2014-08-18 23:00:00,eea76000ccc34ca2,71,14,target,target,0.026611370965838432,"(12, 71, 12, 14, 14)","(12, 14, 12, 71, 71)"
load_26,403,9672,9696,2014-08-19 00:00:00,2014-08-19 23:00:00,a809487b86c80895,71,14,target,target,0.02624823898077011,"(12, 71, 12, 14, 14)","(12, 14, 12, 71, 71)"
load_26,404,9696,9720,2014-08-20 00:00:00,2014-08-20 23:00:00,6a0a24ccf0f898d5,71,14,target,target,0.027770284563302994,"(12, 71, 12, 14, 14)","(12, 14, 12, 71, 71)"
load_26,405,9720,9744,2014-08-21 00:00:00,2014-08-21 23:00:00,43f1128885cfc154,71,14,target,target,0.02725679986178875,"(12, 71, 12, 14, 14)","(12, 14, 12, 71, 71)"
load_26,406,9744,9768,2014-08-22 00:00:00,2014-08-22 23:00:00,02c91011078fd13c,71,14,target,target,0.026287265121936798,"(12, 71, 12, 14, 14)","(12, 14, 12, 71, 71)"
load_26,407,9768,9792,2014-08-25 00:00:00,2014-08-25 23:00:00,89232a14793c5aac,71,14,target,known_future:temp,0.02646084688603878,"(12, 71, 12, 14, 14)","(12, 14, 12, 71, 71)"
load_26,408,9792,9816,2014-08-26 00:00:00,2014-08-26 23:00:00,c27806bf2fcd1a77,71,14,target,target,0.027189794927835464,"(12, 71, 12, 14, 14)","(12, 14, 12, 71, 71)"
load_26,409,9816,9840,2014-08-27 00:00:00,2014-08-27 23:00:00,c367be566bd27c06,71,14,target,target,0.02815079130232334,"(12, 71, 12, 14, 14)","(12, 14, 12, 71, 71)"
load_26,410,9840,9864,2014-08-28 00:00:00,2014-08-28 23:00:00,05b0db77a51e9dbb,71,14,target,target,0.02789677493274212,"(12, 71, 12, 14, 14)","(12, 14, 12, 71, 71)"
load_26,411,9864,9888,2014-08-29 00:00:00,2014-08-29 23:00:00,8c8e612aae0e58ae,71,14,target,target,0.027322230860590935,"(12, 71, 12, 14, 14)","(12, 14, 12, 71, 71)"
load_26,412,9888,9912,2014-09-01 00:00:00,2014-09-01 23:00:00,cae50af071d44b63,71,14,target,target,0.026127319782972336,"(12, 71, 12, 14, 14)","(12, 14, 12, 71, 71)"
load_26,413,9912,9936,2014-09-02 00:00:00,2014-09-02 23:00:00,c1754838fdce8dc7,71,14,target,target,0.026516316458582878,"(12, 71, 12, 14, 14)","(12, 14, 12, 71, 71)"
load_26,414,9936,9960,2014-09-03 00:00:00,2014-09-03 23:00:00,dfb3dae88336b0d6,71,14,target,target,0.02755011059343815,"(12, 71, 12, 14, 14)","(12, 14, 12, 71, 71)"
load_26,415,9960,9984,2014-09-04 00:00:00,2014-09-04 23:00:00,b379502a098a7124,71,14,target,target,0.02688470669090748,"(12, 71, 12, 14, 14)","(12, 14, 12, 71, 71)"
load_26,416,9984,10008,2014-09-05 00:00:00,2014-09-05 23:00:00,73d59bce801f5f3a,71,14,target,known_future:temp,0.028171740472316742,"(12, 71, 12, 14, 14)","(12, 14, 12, 71, 71)"
load_26,417,10008,10032,2014-09-11 00:00:00,2014-09-11 23:00:00,b9abf8766cec4039,71,14,target,known_future:temp,0.02608627825975418,"(12, 71, 12, 14, 14)","(12, 14, 12, 71, 71)"
load_26,418,10032,10056,2014-09-12 00:00:00,2014-09-12 23:00:00,232e09026e7bd75f,71,14,target,known_future:temp,0.027431616559624672,"(12, 71, 12, 14, 14)","(12, 14, 12, 71, 71)"
load_26,419,10056,10080,2014-09-15 00:00:00,2014-09-15 23:00:00,fe50abbd6cade13a,71,14,target,known_future:temp,0.027065997943282127,"(12, 71, 12, 14, 14)","(12, 14, 12, 71, 71)"
load_26,420,10080,10104,2014-09-16 00:00:00,2014-09-16 23:00:00,416f0f4889d8adaa,71,14,target,known_future:temp,0.026664355769753456,"(12, 71, 12, 14, 14)","(12, 14, 12, 71, 71)"
load_26,421,10104,10128,2014-09-17 00:00:00,2014-09-17 23:00:00,91c312db47211070,71,14,target,target,0.026562832295894623,"(12, 71, 12, 14, 14)","(12, 14, 12, 71, 71)"
load_26,422,10128,10152,2014-09-18 00:00:00,2014-09-18 23:00:00,0f9cd47ed96271e1,71,14,target,known_future:temp,0.027103062719106674,"(12, 71, 12, 14, 14)","(12, 14, 12, 71, 71)"
load_26,423,10152,10176,2014-09-19 00:00:00,2014-09-19 23:00:00,e17b9487e12b38ce,71,14,target,known_future:temp,0.02610188163816929,"(12, 71, 12, 14, 14)","(12, 14, 12, 71, 71)"
load_26,424,10176,10200,2014-09-22 00:00:00,2014-09-22 23:00:00,fdccc98c18a27069,71,14,target,known_future:temp,0.02703186124563217,"(12, 71, 12, 14, 14)","(12, 14, 12, 71, 71)"
load_26,425,10200,10224,2014-09-23 00:00:00,2014-09-23 23:00:00,d1d88ea22ac27ff7,71,14,target,target,0.026797598227858543,"(12, 71, 12, 14, 14)","(12, 14, 12, 71, 71)"
load_26,426,10224,10248,2014-09-24 00:00:00,2014-09-24 23:00:00,e163d6e5aeff934e,71,14,target,known_future:rhum,0.029282202944159508,"(12, 71, 12, 14, 14)","(12, 14, 12, 71, 71)"
load_26,427,10248,10272,2014-09-25 00:00:00,2014-09-25 23:00:00,fc7f79f3723231f8,71,14,target,known_future:temp,0.02812015265226364,"(12, 71, 12, 14, 14)","(12, 14, 12, 71, 71)"
load_26,428,10272,10296,2014-09-26 00:00:00,2014-09-26 23:00:00,9ff85c6208f02a36,71,14,target,known_future:temp,0.02699964866042137,"(12, 71, 12, 14, 14)","(12, 14, 12, 71, 71)"
load_26,429,10296,10320,2014-09-29 00:00:00,2014-09-29 23:00:00,73dd80b966f0ec8e,71,14,target,known_future:apparent_temp,0.027036352083086967,"(12, 71, 12, 14, 14)","(12, 14, 12, 71, 71)"
load_26,430,10320,10344,2014-09-30 00:00:00,2014-09-30 23:00:00,dd0e5a4f72c8bf6d,71,14,target,target,0.026554333046078682,"(12, 71, 12, 14, 14)","(12, 14, 12, 71, 71)"
load_26,431,10344,10368,2014-10-01 00:00:00,2014-10-01 23:00:00,86449d2f6b0a7e3e,71,14,target,target,0.02625206671655178,"(12, 71, 12, 14, 14)","(12, 14, 12, 71, 71)"
load_26,432,10368,10392,2014-10-02 00:00:00,2014-10-02 23:00:00,7d63d977ed51bd3d,71,14,target,target,0.02733255736529827,"(12, 71, 12, 14, 14)","(12, 14, 12, 71, 71)"
load_26,433,10392,10416,2014-10-06 00:00:00,2014-10-06 23:00:00,0b0e2259ecada5ac,71,14,target,target,0.026623906567692757,"(12, 71, 12, 14, 14)","(12, 14, 12, 71, 71)"
load_26,434,10416,10440,2014-10-07 00:00:00,2014-10-07 23:00:00,28768b4285594dba,71,14,target,target,0.027711359784007072,"(12, 71, 12, 14, 14)","(12, 14, 12, 71, 71)"
load_26,435,10440,10464,2014-10-08 00:00:00,2014-10-08 23:00:00,b48bfc88721d0f36,71,14,target,target,0.02835392765700817,"(12, 71, 12, 14, 14)","(12, 14, 12, 71, 71)"
load_26,436,10464,10488,2014-10-10 00:00:00,2014-10-10 23:00:00,8f743a752f2727d0,71,14,target,target,0.028842607513070107,"(12, 71, 12, 14, 14)","(12, 14, 12, 71, 71)"
load_26,437,10488,10512,2014-10-13 00:00:00,2014-10-13 23:00:00,49bc8323d1d59e21,71,14,target,target,0.02807069756090641,"(12, 71, 12, 14, 14)","(12, 14, 12, 71, 71)"
load_26,438,10512,10536,2014-10-14 00:00:00,2014-10-14 23:00:00,2309e7ac442cf24a,71,14,target,target,0.02693878673017025,"(12, 71, 12, 14, 14)","(12, 14, 12, 71, 71)"
load_26,439,10536,10560,2014-10-15 00:00:00,2014-10-15 23:00:00,91ee9f632f8fc0cb,71,14,target,target,0.026963377371430397,"(12, 71, 12, 14, 14)","(12, 14, 12, 71, 71)"
load_26,440,10560,10584,2014-10-16 00:00:00,2014-10-16 23:00:00,872010a7a0414fc1,71,14,target,target,0.02668052539229393,"(12, 71, 12, 14, 14)","(12, 14, 12, 71, 71)"
load_26,441,10584,10608,2014-10-17 00:00:00,2014-10-17 23:00:00,869a1fd70b808a72,71,14,target,target,0.025980986654758453,"(12, 71, 12, 14, 14)","(12, 14, 12, 71, 71)"
load_26,442,10608,10632,2014-10-20 00:00:00,2014-10-20 23:00:00,5f9ca5b738ea7cfd,71,14,target,target,0.027480943128466606,"(12, 71, 12, 14, 14)","(12, 14, 12, 71, 71)"
load_26,443,10632,10656,2014-10-21 00:00:00,2014-10-21 23:00:00,7deda07b903c9d94,71,14,target,target,0.027855876833200455,"(12, 71, 12, 14, 14)","(12, 14, 12, 71, 71)"
load_26,444,10656,10680,2014-10-22 00:00:00,2014-10-22 23:00:00,7d613f96d5af9aed,71,14,target,target,0.027406923472881317,"(12, 71, 12, 14, 14)","(12, 14, 12, 71, 71)"
load_26,445,10680,10704,2014-10-23 00:00:00,2014-10-23 23:00:00,0dd1ed898dc581c6,71,14,target,target,0.026818471029400826,"(12, 71, 12, 14, 14)","(12, 14, 12, 71, 71)"
load_26,446,10704,10728,2014-10-24 00:00:00,2014-10-24 23:00:00,0726a1defa515d32,71,14,target,target,0.026371842250227928,"(12, 71, 12, 14, 14)","(12, 14, 12, 71, 71)"
load_26,447,10728,10752,2014-10-27 00:00:00,2014-10-27 23:00:00,7e9ccdfa3ed7245e,71,14,target,target,0.02612769976258278,"(12, 71, 12, 14, 14)","(12, 14, 12, 71, 71)"
load_26,448,10752,10776,2014-10-28 00:00:00,2014-10-28 23:00:00,b1573f8905418bd2,71,14,target,target,0.026544930413365364,"(12, 71, 12, 14, 14)","(12, 14, 12, 71, 71)"
load_26,449,10776,10800,2014-10-29 00:00:00,2014-10-29 23:00:00,5f92f399c4f46823,71,14,target,target,0.028218746185302734,"(12, 71, 12, 14, 14)","(12, 14, 12, 71, 71)"
load_26,450,10800,10824,2014-10-30 00:00:00,2014-10-30 23:00:00,0fc4f100a85eaf15,71,14,target,target,0.02736762724816799,"(12, 71, 12, 14, 14)","(12, 14, 12, 71, 71)"
load_26,451,10824,10848,2014-10-31 00:00:00,2014-10-31 23:00:00,059afef8ef62d827,71,14,target,target,0.026147840544581413,"(12, 71, 12, 14, 14)","(12, 14, 12, 71, 71)"
load_26,452,10848,10872,2014-11-03 00:00:00,2014-11-03 23:00:00,20b30692049c1456,71,14,target,target,0.026246629655361176,"(12, 71, 12, 14, 14)","(12, 14, 12, 71, 71)"
load_26,453,10872,10896,2014-11-04 00:00:00,2014-11-04 23:00:00,bbf1bda33de1fb68,71,14,target,target,0.0268190186470747,"(12, 71, 12, 14, 14)","(12, 14, 12, 71, 71)"
load_26,454,10896,10920,2014-11-05 00:00:00,2014-11-05 23:00:00,2b2eef5d26fb584c,71,14,target,target,0.026712041348218918,"(12, 71, 12, 14, 14)","(12, 14, 12, 71, 71)"
load_26,455,10920,10944,2014-11-06 00:00:00,2014-11-06 23:00:00,ecf4a1212e50a44c,71,14,target,target,0.027355317026376724,"(12, 71, 12, 14, 14)","(12, 14, 12, 71, 71)"
load_26,456,10944,10968,2014-11-07 00:00:00,2014-11-07 23:00:00,053da98c09b3c8cb,71,14,target,target,0.0269046388566494,"(12, 71, 12, 14, 14)","(12, 14, 12, 71, 71)"
load_26,457,10968,10992,2014-11-10 00:00:00,2014-11-10 23:00:00,4a3a392b2dddcd08,71,14,target,target,0.026897501200437546,"(12, 71, 12, 14, 14)","(12, 14, 12, 71, 71)"
load_26,458,10992,11016,2014-11-11 00:00:00,2014-11-11 23:00:00,5c4120584850a971,71,14,target,target,0.027347594499588013,"(12, 71, 12, 14, 14)","(12, 14, 12, 71, 71)"
load_26,459,11016,11040,2014-11-12 00:00:00,2014-11-12 23:00:00,2adddac9e3a8db39,71,14,target,target,0.02935013361275196,"(12, 71, 12, 14, 14)","(12, 14, 12, 71, 71)"
load_26,460,11040,11064,2014-11-13 00:00:00,2014-11-13 23:00:00,fdc6256953c5e62d,71,14,target,target,0.029375769197940826,"(12, 71, 12, 14, 14)","(12, 14, 12, 71, 71)"
load_26,461,11064,11088,2014-11-14 00:00:00,2014-11-14 23:00:00,48192101ef25daec,71,14,target,target,0.027473321184515953,"(12, 71, 12, 14, 14)","(12, 14, 12, 71, 71)"
load_26,462,11088,11112,2014-11-17 00:00:00,2014-11-17 23:00:00,ed0582f1b2a6acf4,71,14,target,target,0.02628583461046219,"(12, 71, 12, 14, 14)","(12, 14, 12, 71, 71)"
load_26,463,11112,11136,2014-11-18 00:00:00,2014-11-18 23:00:00,3926391e4a5184df,71,14,target,target,0.025902505964040756,"(12, 71, 12, 14, 14)","(12, 14, 12, 71, 71)"
load_26,464,11136,11160,2014-11-19 00:00:00,2014-11-19 23:00:00,6ab76ef912d77758,71,14,target,target,0.026028241962194443,"(12, 71, 12, 14, 14)","(12, 14, 12, 71, 71)"
load_26,465,11160,11184,2014-11-20 00:00:00,2014-11-20 23:00:00,df820ab06956b633,71,14,target,target,0.025663765147328377,"(12, 71, 12, 14, 14)","(12, 14, 12, 71, 71)"
load_26,466,11184,11208,2014-11-21 00:00:00,2014-11-21 23:00:00,2c085e3ac83a57ce,71,14,target,target,0.026215530931949615,"(12, 71, 12, 14, 14)","(12, 14, 12, 71, 71)"
load_26,467,11208,11232,2014-11-24 00:00:00,2014-11-24 23:00:00,c38acc7c121b1293,71,14,target,target,0.026073500514030457,"(12, 71, 12, 14, 14)","(12, 14, 12, 71, 71)"
load_26,468,11232,11256,2014-11-25 00:00:00,2014-11-25 23:00:00,1fdb5a40bea2a48a,71,14,target,target,0.026856252923607826,"(12, 71, 12, 14, 14)","(12, 14, 12, 71, 71)"
load_26,469,11256,11280,2014-11-26 00:00:00,2014-11-26 23:00:00,c706b9ef788ba604,71,14,target,target,0.02715405635535717,"(12, 71, 12, 14, 14)","(12, 14, 12, 71, 71)"
load_26,470,11280,11304,2014-11-27 00:00:00,2014-11-27 23:00:00,2918f119fcf03412,71,14,target,target,0.026421090587973595,"(12, 71, 12, 14, 14)","(12, 14, 12, 71, 71)"
load_26,471,11304,11328,2014-11-28 00:00:00,2014-11-28 23:00:00,fddf9fe4c7b0591a,71,14,target,known_future:temp,0.02696332521736622,"(12, 71, 12, 14, 14)","(12, 14, 12, 71, 71)"
load_26,472,11328,11352,2014-12-01 00:00:00,2014-12-01 23:00:00,983c888ee434dd27,71,14,target,target,0.026465801522135735,"(12, 71, 12, 14, 14)","(12, 14, 12, 71, 71)"
load_26,473,11352,11376,2014-12-02 00:00:00,2014-12-02 23:00:00,723888f927ddba63,71,14,target,target,0.027897952124476433,"(12, 71, 12, 14, 14)","(12, 14, 12, 71, 71)"
load_26,474,11376,11400,2014-12-03 00:00:00,2014-12-03 23:00:00,d0c35bb3a9f0cf4a,71,14,target,target,0.0286888238042593,"(12, 71, 12, 14, 14)","(12, 14, 12, 71, 71)"
load_26,475,11400,11424,2014-12-04 00:00:00,2014-12-04 23:00:00,6c0078ba7b942773,71,14,target,known_future:press,0.02705242484807968,"(12, 71, 12, 14, 14)","(12, 14, 12, 71, 71)"
load_26,476,11424,11448,2014-12-05 00:00:00,2014-12-05 23:00:00,4f6a6a52e988fa72,71,14,target,known_future:press,0.02716921642422676,"(12, 71, 12, 14, 14)","(12, 14, 12, 71, 71)"
load_26,477,11448,11472,2014-12-08 00:00:00,2014-12-08 23:00:00,e91b8168bcdbc316,71,14,target,known_future:rhum,0.026954682543873787,"(12, 71, 12, 14, 14)","(12, 14, 12, 71, 71)"
load_26,478,11472,11496,2014-12-09 00:00:00,2014-12-09 23:00:00,29901fbf5106b918,71,14,target,target,0.025432489812374115,"(12, 71, 12, 14, 14)","(12, 14, 12, 71, 71)"
load_26,479,11496,11520,2014-12-10 00:00:00,2014-12-10 23:00:00,beda17b40f608c57,71,14,target,target,0.026353461667895317,"(12, 71, 12, 14, 14)","(12, 14, 12, 71, 71)"
load_26,480,11520,11544,2014-12-11 00:00:00,2014-12-11 23:00:00,8b519aed8c3f0551,71,14,target,target,0.025800276547670364,"(12, 71, 12, 14, 14)","(12, 14, 12, 71, 71)"
load_26,481,11544,11568,2014-12-12 00:00:00,2014-12-12 23:00:00,030cd66e2cc71127,71,14,target,target,0.025536799803376198,"(12, 71, 12, 14, 14)","(12, 14, 12, 71, 71)"
load_26,482,11568,11592,2014-12-15 00:00:00,2014-12-15 23:00:00,dec1636f41b47a6b,71,14,target,target,0.026289798319339752,"(12, 71, 12, 14, 14)","(12, 14, 12, 71, 71)"
load_26,483,11592,11616,2014-12-16 00:00:00,2014-12-16 23:00:00,75de3f3336cf50c8,71,14,target,target,0.02788386307656765,"(12, 71, 12, 14, 14)","(12, 14, 12, 71, 71)"
load_26,484,11616,11640,2014-12-17 00:00:00,2014-12-17 23:00:00,6a50084e6363c365,71,14,target,target,0.027755917981266975,"(12, 71, 12, 14, 14)","(12, 14, 12, 71, 71)"
load_26,485,11640,11664,2014-12-18 00:00:00,2014-12-18 23:00:00,b00746d0183bd107,71,14,target,target,0.029054392129182816,"(12, 71, 12, 14, 14)","(12, 14, 12, 71, 71)"
load_26,486,11664,11688,2014-12-19 00:00:00,2014-12-19 23:00:00,29d6d07d174d958d,71,14,target,target,0.028038624674081802,"(12, 71, 12, 14, 14)","(12, 14, 12, 71, 71)"
load_26,487,11688,11712,2014-12-22 00:00:00,2014-12-22 23:00:00,817118adfcf29958,71,14,target,target,0.027375470846891403,"(12, 71, 12, 14, 14)","(12, 14, 12, 71, 71)"
load_26,488,11712,11736,2014-12-23 00:00:00,2014-12-23 23:00:00,b9d26e905edc7f96,71,14,target,target,0.027691122144460678,"(12, 71, 12, 14, 14)","(12, 14, 12, 71, 71)"
load_26,489,11736,11760,2014-12-24 00:00:00,2014-12-24 23:00:00,a1aa32cec228d963,71,14,target,target,0.027587227523326874,"(12, 71, 12, 14, 14)","(12, 14, 12, 71, 71)"
load_26,490,11760,11784,2014-12-26 00:00:00,2014-12-26 23:00:00,ab97f7864257375f,71,14,target,target,0.02699011005461216,"(12, 71, 12, 14, 14)","(12, 14, 12, 71, 71)"
load_26,491,11784,11808,2014-12-29 00:00:00,2014-12-29 23:00:00,2d518e196ca5c9c7,71,14,target,target,0.027084024623036385,"(12, 71, 12, 14, 14)","(12, 14, 12, 71, 71)"
load_26,492,11808,11832,2014-12-30 00:00:00,2014-12-30 23:00:00,2de562ef5a08a1cf,71,14,target,target,0.02733209915459156,"(12, 71, 12, 14, 14)","(12, 14, 12, 71, 71)"
load_26,493,11832,11856,2014-12-31 00:00:00,2014-12-31 23:00:00,d3773a3634f9c9ad,71,14,target,target,0.025994690135121346,"(12, 71, 12, 14, 14)","(12, 14, 12, 71, 71)"
